Age (in Years),Online (AED)
10 to 20,1002
10 to 20,1257
10 to 20,941
10 to 20,961
10 to 20,835
10 to 20,858
10 to 20,883
10 to 20,1120
10 to 20,686
10 to 20,835
10 to 20,798
10 to 20,1085
10 to 20,933
10 to 20,1216
10 to 20,865
10 to 20,724
10 to 20,872
10 to 20,944
10 to 20,537
10 to 20,805
10 to 20,797
10 to 20,819
10 to 20,609
10 to 20,1171
10 to 20,891
10 to 20,1313
10 to 20,825
10 to 20,979
10 to 20,923
10 to 20,706
10 to 20,679
10 to 20,900
10 to 20,595
10 to 20,932
10 to 20,829
10 to 20,1428
10 to 20,1007
10 to 20,1076
10 to 20,970
10 to 20,578
10 to 20,1252
10 to 20,794
10 to 20,921
10 to 20,809
10 to 20,854
10 to 20,819
10 to 20,826
10 to 20,847
10 to 20,943
10 to 20,949
10 to 20,1020
10 to 20,1034
10 to 20,829
10 to 20,1281
10 to 20,1018
10 to 20,1045
10 to 20,967
10 to 20,926
10 to 20,889
10 to 20,990
10 to 20,929
10 to 20,1102
10 to 20,1289
10 to 20,902
10 to 20,1231
10 to 20,673
10 to 20,1167
10 to 20,1221
10 to 20,678
10 to 20,791
10 to 20,782
10 to 20,1013
10 to 20,885
10 to 20,488
10 to 20,785
10 to 20,797
10 to 20,814
10 to 20,956
10 to 20,1115
10 to 20,951
10 to 20,982
10 to 20,1219
10 to 20,878
10 to 20,753
10 to 20,1222
10 to 20,1116
10 to 20,656
10 to 20,866
10 to 20,779
10 to 20,1099
10 to 20,1395
10 to 20,1231
10 to 20,978
10 to 20,790
10 to 20,1055
10 to 20,866
10 to 20,894
10 to 20,870
10 to 20,858
10 to 20,951
10 to 20,964
10 to 20,734
10 to 20,678
10 to 20,763
10 to 20,1080
10 to 20,871
10 to 20,1018
10 to 20,1052
10 to 20,850
10 to 20,1060
10 to 20,884
10 to 20,1234
10 to 20,776
10 to 20,1045
10 to 20,625
10 to 20,1020
10 to 20,894
10 to 20,883
10 to 20,1068
10 to 20,1235
10 to 20,1018
10 to 20,700
10 to 20,1069
10 to 20,1197
10 to 20,591
10 to 20,897
10 to 20,1099
10 to 20,1183
10 to 20,961
10 to 20,1294
10 to 20,1101
10 to 20,1155
10 to 20,733
10 to 20,958
10 to 20,727
10 to 20,807
10 to 20,931
10 to 20,1004
10 to 20,1014
10 to 20,1028
10 to 20,1016
10 to 20,750
10 to 20,991
10 to 20,478
10 to 20,1225
10 to 20,670
10 to 20,1004
10 to 20,754
10 to 20,1204
10 to 20,859
10 to 20,669
10 to 20,1188
10 to 20,901
10 to 20,900
10 to 20,1042
10 to 20,903
10 to 20,1546
10 to 20,1129
10 to 20,779
10 to 20,1159
10 to 20,799
10 to 20,1090
10 to 20,817
10 to 20,1380
10 to 20,683
10 to 20,459
10 to 20,670
10 to 20,1024
10 to 20,912
10 to 20,1301
10 to 20,670
10 to 20,1036
10 to 20,824
10 to 20,772
10 to 20,978
10 to 20,541
10 to 20,1073
10 to 20,722
10 to 20,1039
10 to 20,1192
10 to 20,1083
10 to 20,1067
10 to 20,965
10 to 20,1068
10 to 20,1226
10 to 20,1069
10 to 20,1209
10 to 20,797
10 to 20,969
10 to 20,959
10 to 20,1127
10 to 20,914
10 to 20,869
10 to 20,1034
10 to 20,938
10 to 20,1026
10 to 20,1079
10 to 20,1213
10 to 20,907
10 to 20,1113
10 to 20,862
10 to 20,404
10 to 20,1007
10 to 20,465
10 to 20,680
10 to 20,868
10 to 20,1255
10 to 20,950
10 to 20,461
10 to 20,1407
10 to 20,1032
10 to 20,1075
10 to 20,1043
10 to 20,936
10 to 20,944
10 to 20,1399
10 to 20,1275
10 to 20,1389
10 to 20,475
10 to 20,1083
10 to 20,738
10 to 20,1074
10 to 20,1170
10 to 20,890
10 to 20,529
10 to 20,866
10 to 20,831
10 to 20,790
10 to 20,826
10 to 20,931
10 to 20,908
10 to 20,1007
10 to 20,1037
10 to 20,984
10 to 20,896
10 to 20,1145
10 to 20,1507
10 to 20,1254
10 to 20,388
10 to 20,821
10 to 20,868
10 to 20,961
10 to 20,559
10 to 20,1046
10 to 20,1013
10 to 20,839
10 to 20,1150
10 to 20,1038
10 to 20,1090
21 to 30  ,1076
21 to 30  ,1234
21 to 30  ,2982
21 to 30  ,2826
21 to 30  ,2611
21 to 30  ,2436
21 to 30  ,2973
21 to 30  ,2799
21 to 30  ,1212
21 to 30  ,1472
21 to 30  ,906
21 to 30  ,917
21 to 30  ,739
21 to 30  ,1271
21 to 30  ,814
21 to 30  ,938
21 to 30  ,1260
21 to 30  ,1383
21 to 30  ,962
21 to 30  ,857
21 to 30  ,1246
21 to 30  ,832
21 to 30  ,1106
21 to 30  ,882
21 to 30  ,1164
21 to 30  ,667
21 to 30  ,925
21 to 30  ,1201
21 to 30  ,1036
21 to 30  ,1150
21 to 30  ,891
21 to 30  ,601
21 to 30  ,743
21 to 30  ,1042
21 to 30  ,1194
21 to 30  ,632
21 to 30  ,903
21 to 30  ,922
21 to 30  ,872
21 to 30  ,931
21 to 30  ,1089
21 to 30  ,764
21 to 30  ,875
21 to 30  ,707
21 to 30  ,944
21 to 30  ,561
21 to 30  ,991
21 to 30  ,651
21 to 30  ,1069
21 to 30  ,665
21 to 30  ,621
21 to 30  ,685
21 to 30  ,1025
21 to 30  ,630
21 to 30  ,1275
21 to 30  ,721
21 to 30  ,1259
21 to 30  ,718
21 to 30  ,1062
21 to 30  ,934
21 to 30  ,709
21 to 30  ,717
21 to 30  ,844
21 to 30  ,1137
21 to 30  ,854
21 to 30  ,934
21 to 30  ,938
21 to 30  ,612
21 to 30  ,1089
21 to 30  ,962
21 to 30  ,794
21 to 30  ,1218
21 to 30  ,1190
21 to 30  ,1207
21 to 30  ,959
21 to 30  ,971
21 to 30  ,1081
21 to 30  ,833
21 to 30  ,664
21 to 30  ,869
21 to 30  ,779
21 to 30  ,1114
21 to 30  ,823
21 to 30  ,869
21 to 30  ,884
21 to 30  ,1114
21 to 30  ,779
21 to 30  ,998
21 to 30  ,552
21 to 30  ,1045
21 to 30  ,1175
21 to 30  ,1108
21 to 30  ,958
21 to 30  ,742
21 to 30  ,836
21 to 30  ,935
21 to 30  ,1180
21 to 30  ,862
21 to 30  ,496
21 to 30  ,568
21 to 30  ,604
21 to 30  ,969
21 to 30  ,482
21 to 30  ,937
21 to 30  ,508
21 to 30  ,1229
21 to 30  ,952
21 to 30  ,731
21 to 30  ,866
21 to 30  ,697
21 to 30  ,674
21 to 30  ,962
21 to 30  ,856
21 to 30  ,1155
21 to 30  ,965
21 to 30  ,1026
21 to 30  ,1086
21 to 30  ,632
21 to 30  ,1314
21 to 30  ,976
21 to 30  ,1142
21 to 30  ,850
21 to 30  ,929
21 to 30  ,637
21 to 30  ,941
21 to 30  ,1076
21 to 30  ,1206
21 to 30  ,1082
21 to 30  ,860
21 to 30  ,1112
21 to 30  ,1001
21 to 30  ,1219
21 to 30  ,1368
21 to 30  ,1113
21 to 30  ,1020
21 to 30  ,1168
21 to 30  ,920
21 to 30  ,845
21 to 30  ,923
21 to 30  ,942
21 to 30  ,1075
21 to 30  ,1351
21 to 30  ,904
21 to 30  ,611
21 to 30  ,1084
21 to 30  ,705
21 to 30  ,1379
21 to 30  ,778
21 to 30  ,1088
21 to 30  ,1040
21 to 30  ,1079
21 to 30  ,1169
21 to 30  ,578
21 to 30  ,1106
21 to 30  ,1127
21 to 30  ,1054
21 to 30  ,762
21 to 30  ,699
21 to 30  ,655
21 to 30  ,1417
21 to 30  ,1143
21 to 30  ,1112
21 to 30  ,894
21 to 30  ,1090
21 to 30  ,987
21 to 30  ,600
21 to 30  ,967
21 to 30  ,1071
21 to 30  ,1260
21 to 30  ,947
21 to 30  ,920
21 to 30  ,1194
21 to 30  ,1019
21 to 30  ,448
21 to 30  ,1061
21 to 30  ,1003
21 to 30  ,843
21 to 30  ,1095
21 to 30  ,946
21 to 30  ,1166
31 to 40,628
31 to 40,888
31 to 40,940
31 to 40,974
31 to 40,962
31 to 40,879
31 to 40,927
31 to 40,193
31 to 40,844
31 to 40,773
31 to 40,924
31 to 40,996
31 to 40,829
31 to 40,55
31 to 40,755
31 to 40,729
31 to 40,803
31 to 40,25
31 to 40,873
31 to 40,151
31 to 40,868
31 to 40,139
31 to 40,835
31 to 40,787
31 to 40,846
31 to 40,1137
31 to 40,743
31 to 40,620
31 to 40,668
31 to 40,822
31 to 40,1368
31 to 40,1105
31 to 40,791
31 to 40,1113
31 to 40,828
31 to 40,902
31 to 40,975
31 to 40,1269
31 to 40,794
31 to 40,904
31 to 40,700
31 to 40,1288
31 to 40,1016
31 to 40,984
31 to 40,881
31 to 40,705
31 to 40,714
31 to 40,1169
31 to 40,1405
31 to 40,1237
31 to 40,689
31 to 40,1057
31 to 40,861
31 to 40,1061
31 to 40,775
31 to 40,640
31 to 40,817
31 to 40,926
31 to 40,843
31 to 40,661
31 to 40,995
31 to 40,503
31 to 40,686
31 to 40,889
31 to 40,487
31 to 40,1098
31 to 40,995
31 to 40,608
31 to 40,720
31 to 40,893
31 to 40,1101
31 to 40,567
31 to 40,1040
31 to 40,1334
31 to 40,1232
31 to 40,753
31 to 40,713
31 to 40,1142
31 to 40,766
31 to 40,856
31 to 40,844
31 to 40,1137
31 to 40,1083
31 to 40,934
31 to 40,818
31 to 40,1034
31 to 40,811
31 to 40,1137
31 to 40,990
31 to 40,704
31 to 40,751
31 to 40,1116
31 to 40,804
31 to 40,1284
31 to 40,696
31 to 40,1621
31 to 40,880
31 to 40,828
31 to 40,1095
31 to 40,999
31 to 40,1311
31 to 40,1126
31 to 40,625
31 to 40,985
31 to 40,932
31 to 40,1032
31 to 40,1017
31 to 40,603
31 to 40,468
31 to 40,627
31 to 40,1456
31 to 40,789
31 to 40,1329
31 to 40,899
31 to 40,768
31 to 40,972
31 to 40,1254
31 to 40,1276
31 to 40,963
31 to 40,1048
31 to 40,1084
31 to 40,785
31 to 40,1152
31 to 40,861
31 to 40,1152
31 to 40,659
31 to 40,1233
31 to 40,937
31 to 40,803
31 to 40,1200
31 to 40,864
31 to 40,829
31 to 40,861
31 to 40,707
31 to 40,1408
31 to 40,1063
31 to 40,833
31 to 40,887
31 to 40,893
31 to 40,543
31 to 40,1125
31 to 40,1066
31 to 40,1087
31 to 40,988
31 to 40,748
31 to 40,720
31 to 40,990
31 to 40,905
31 to 40,1058
31 to 40,882
31 to 40,1159
31 to 40,767
31 to 40,970
31 to 40,919
31 to 40,1407
31 to 40,926
31 to 40,1070
31 to 40,1089
31 to 40,1236
31 to 40,981
31 to 40,1220
31 to 40,750
31 to 40,874
31 to 40,1137
31 to 40,974
31 to 40,1319
31 to 40,1064
31 to 40,736
31 to 40,851
31 to 40,1201
31 to 40,1368
31 to 40,1017
31 to 40,948
31 to 40,1037
31 to 40,553
31 to 40,840
31 to 40,1017
31 to 40,709
31 to 40,722
31 to 40,1172
31 to 40,1162
31 to 40,994
31 to 40,1082
31 to 40,1507
31 to 40,1206
31 to 40,965
31 to 40,1059
31 to 40,1383
31 to 40,783
31 to 40,657
31 to 40,722
31 to 40,977
31 to 40,838
31 to 40,639
31 to 40,809
31 to 40,973
31 to 40,1032
31 to 40,902
31 to 40,942
31 to 40,1045
31 to 40,812
31 to 40,1598
31 to 40,1098
31 to 40,1128
31 to 40,1060
31 to 40,867
31 to 40,1419
31 to 40,1036
31 to 40,1146
31 to 40,510
31 to 40,1128
31 to 40,759
31 to 40,1256
31 to 40,890
31 to 40,817
31 to 40,961
31 to 40,839
31 to 40,705
31 to 40,913
31 to 40,1084
31 to 40,774
31 to 40,1017
31 to 40,545
31 to 40,892
31 to 40,1029
31 to 40,1203
31 to 40,1079
31 to 40,1016
31 to 40,943
31 to 40,551
31 to 40,759
31 to 40,1095
31 to 40,1217
31 to 40,704
31 to 40,910
31 to 40,626
31 to 40,508
31 to 40,1359
31 to 40,1181
31 to 40,942
41 to 50,738
41 to 50,678
41 to 50,951
41 to 50,906
41 to 50,894
41 to 50,880
41 to 50,933
41 to 50,885
41 to 50,1041
41 to 50,807
41 to 50,1333
41 to 50,860
41 to 50,1039
41 to 50,1179
41 to 50,854
41 to 50,1089
41 to 50,848
41 to 50,819
41 to 50,1133
41 to 50,748
41 to 50,1012
41 to 50,876
41 to 50,1049
41 to 50,1291
41 to 50,1293
41 to 50,1216
41 to 50,943
41 to 50,1236
41 to 50,944
41 to 50,1148
41 to 50,1047
41 to 50,1456
41 to 50,872
41 to 50,953
41 to 50,1011
41 to 50,903
41 to 50,1131
41 to 50,698
41 to 50,1081
41 to 50,1068
41 to 50,1378
41 to 50,944
41 to 50,835
41 to 50,984
41 to 50,921
41 to 50,1110
41 to 50,924
41 to 50,1292
41 to 50,953
41 to 50,722
41 to 50,743
41 to 50,852
41 to 50,663
41 to 50,892
41 to 50,688
41 to 50,1074
41 to 50,969
41 to 50,987
41 to 50,1158
41 to 50,1139
41 to 50,919
41 to 50,1070
41 to 50,1298
41 to 50,805
41 to 50,805
41 to 50,724
41 to 50,657
41 to 50,1085
41 to 50,1362
41 to 50,1371
41 to 50,1272
41 to 50,1315
41 to 50,631
41 to 50,996
41 to 50,906
41 to 50,937
41 to 50,887
41 to 50,1125
41 to 50,849
41 to 50,1064
41 to 50,769
41 to 50,984
41 to 50,1001
41 to 50,986
41 to 50,1147
41 to 50,938
41 to 50,873
41 to 50,921
41 to 50,904
41 to 50,1071
41 to 50,635
41 to 50,787
41 to 50,848
41 to 50,690
41 to 50,1371
41 to 50,883
41 to 50,644
41 to 50,881
41 to 50,875
41 to 50,946
41 to 50,914
41 to 50,1231
41 to 50,950
41 to 50,1039
41 to 50,841
41 to 50,1107
41 to 50,795
41 to 50,891
41 to 50,1170
41 to 50,880
41 to 50,914
41 to 50,1351
41 to 50,1294
41 to 50,1002
41 to 50,1400
41 to 50,617
41 to 50,857
41 to 50,731
41 to 50,945
41 to 50,1144
41 to 50,948
41 to 50,1299
41 to 50,1392
41 to 50,877
41 to 50,659
41 to 50,600
41 to 50,878
41 to 50,817
41 to 50,957
41 to 50,912
41 to 50,819
41 to 50,1114
41 to 50,1056
41 to 50,1029
41 to 50,907
41 to 50,995
41 to 50,1075
41 to 50,870
41 to 50,1269
41 to 50,1112
41 to 50,588
41 to 50,1335
41 to 50,662
41 to 50,1139
41 to 50,1012
41 to 50,1260
41 to 50,883
41 to 50,805
41 to 50,673
41 to 50,690
41 to 50,1548
41 to 50,788
41 to 50,821
41 to 50,893
41 to 50,1252
41 to 50,1357
41 to 50,1114
41 to 50,1005
41 to 50,875
41 to 50,1386
41 to 50,1274
41 to 50,857
41 to 50,1077
41 to 50,867
41 to 50,920
41 to 50,824
41 to 50,1366
41 to 50,756
41 to 50,585
41 to 50,1008
51 to 60,1024
51 to 60,1269
51 to 60,846
51 to 60,820
51 to 60,947
51 to 60,1063
51 to 60,1232
51 to 60,1164
51 to 60,889
51 to 60,1053
51 to 60,823
51 to 60,980
51 to 60,735
51 to 60,851
51 to 60,780
51 to 60,759
51 to 60,1062
51 to 60,804
51 to 60,1031
51 to 60,859
51 to 60,1083
51 to 60,915
51 to 60,1128
51 to 60,823
51 to 60,1204
51 to 60,863
51 to 60,1176
51 to 60,493
51 to 60,923
51 to 60,1054
51 to 60,771
51 to 60,591
51 to 60,1133
51 to 60,1111
51 to 60,727
51 to 60,537
51 to 60,756
51 to 60,1029
51 to 60,795
51 to 60,1016
51 to 60,1087
51 to 60,979
51 to 60,811
51 to 60,894
51 to 60,1164
51 to 60,996
51 to 60,1226
51 to 60,1014
51 to 60,1002
51 to 60,1039
51 to 60,884
51 to 60,1365
51 to 60,720
51 to 60,1283
51 to 60,1032
51 to 60,1093
51 to 60,1009
51 to 60,769
51 to 60,1030
51 to 60,1195
51 to 60,829
51 to 60,804
51 to 60,849
51 to 60,896
51 to 60,893
51 to 60,941
51 to 60,863
51 to 60,1119
51 to 60,1145
51 to 60,1035
51 to 60,1120
51 to 60,1214
51 to 60,797
51 to 60,948
51 to 60,845
51 to 60,675
51 to 60,1342
51 to 60,752
51 to 60,865
51 to 60,1002
51 to 60,1257
51 to 60,941
51 to 60,961
51 to 60,835
51 to 60,858
51 to 60,883
51 to 60,1120
51 to 60,686
51 to 60,835
51 to 60,798
51 to 60,1066
51 to 60,936
51 to 60,764
51 to 60,1070
51 to 60,834
51 to 60,1049
51 to 60,731
51 to 60,1032
51 to 60,880
51 to 60,893
51 to 60,1262
51 to 60,1134
51 to 60,881
51 to 60,867
51 to 60,871
51 to 60,896
51 to 60,976
51 to 60,1403
51 to 60,958
51 to 60,828
51 to 60,1210
51 to 60,1080
51 to 60,1576
51 to 60,785
51 to 60,1067
51 to 60,800
51 to 60,1201
51 to 60,1109
51 to 60,920
51 to 60,939
51 to 60,941
51 to 60,1193
51 to 60,1027
51 to 60,1013
51 to 60,892
51 to 60,1130
51 to 60,1613
51 to 60,1066
51 to 60,1146
51 to 60,1093
51 to 60,1133
51 to 60,1127
51 to 60,924
51 to 60,945
51 to 60,978
51 to 60,1165
51 to 60,1276
51 to 60,934
51 to 60,721
51 to 60,1210
51 to 60,643
51 to 60,1383
51 to 60,1060
51 to 60,571
51 to 60,1151
51 to 60,928
51 to 60,1035
51 to 60,939
51 to 60,1115
51 to 60,629
51 to 60,865
51 to 60,829
51 to 60,778
51 to 60,2834
51 to 60,2882
51 to 60,1138
51 to 60,2845
51 to 60,1029
51 to 60,2766
51 to 60,1196
51 to 60,1210