Agreeableness,Conscientiousness,Extraversion,Neuroticism,Opennness,gender,age
16,15,17,8,22,2,86
14,18,20,10,20,1,74
23,18,12,10,19,1,68
17,18,21,18,19,1,67
18,17,18,5,19,1,67
19,20,17,26,20,1,67
25,19,19,6,16,2,66
21,22,20,22,24,1,65
19,18,18,23,20,2,64
19,17,13,21,18,2,63
25,14,21,5,15,2,63
18,15,24,5,20,1,63
19,17,16,13,21,2,62
22,20,20,9,22,2,62
25,23,19,19,20,2,62
22,19,18,18,21,2,61
25,23,19,8,19,2,61
25,20,19,5,15,2,61
15,16,14,20,18,1,61
21,19,22,15,18,2,60
21,19,18,23,20,2,60
21,19,16,16,19,2,60
22,20,22,11,20,1,60
21,15,16,12,18,1,60
23,20,19,6,20,1,60
22,14,21,25,23,2,59
22,18,19,13,15,2,59
22,18,17,17,17,2,58
22,18,22,12,20,2,58
22,20,20,18,20,1,58
22,18,20,17,15,1,58
22,21,21,12,21,1,58
15,18,14,9,14,1,58
22,16,16,13,20,2,57
18,18,20,15,19,2,57
23,17,18,11,21,2,57
26,18,20,15,24,2,57
29,16,19,7,19,2,57
19,17,22,5,18,2,57
23,16,15,12,17,2,57
21,18,15,19,22,2,56
25,16,19,9,20,2,56
22,18,16,7,20,2,56
23,22,22,29,18,2,56
21,14,20,8,19,2,56
22,18,19,15,16,2,56
23,17,21,11,19,2,56
24,20,13,15,15,2,56
23,20,19,20,25,1,56
20,23,17,19,18,1,56
23,20,16,8,16,1,56
25,20,19,8,20,1,56
25,21,15,22,20,1,56
21,21,19,10,19,1,56
17,22,23,15,24,2,55
21,14,19,12,15,2,55
19,23,22,11,20,2,55
21,16,17,9,15,2,55
19,18,19,17,18,2,55
25,22,20,21,24,2,55
18,15,16,14,17,2,55
25,15,18,9,20,2,55
21,20,18,6,19,1,55
26,24,19,20,19,1,55
25,20,22,5,19,1,55
20,20,20,6,19,1,55
19,19,11,19,19,2,54
11,14,12,14,15,2,54
24,20,22,6,18,2,54
20,16,16,11,20,2,54
20,19,18,15,20,2,54
23,18,21,16,17,2,54
22,21,21,21,23,2,54
20,18,19,15,20,2,54
25,19,20,6,15,2,54
22,19,18,20,20,1,54
21,18,15,5,18,1,54
14,18,15,13,20,1,54
21,26,18,22,18,1,54
19,20,18,13,17,1,54
18,23,19,18,23,2,53
25,20,19,9,24,2,53
21,17,16,18,21,2,53
22,20,14,8,22,2,53
22,21,20,18,18,2,53
23,21,16,6,21,2,53
21,19,18,13,19,2,53
22,24,20,14,23,2,53
23,16,20,8,18,2,53
23,21,19,10,19,2,53
23,19,14,22,20,2,53
25,20,22,26,19,2,53
24,19,25,8,22,2,53
20,18,18,12,20,1,53
25,20,20,5,20,1,53
25,20,18,7,28,2,52
24,17,22,19,24,2,52
23,20,20,11,23,2,52
23,16,19,21,22,2,52
18,17,19,14,20,2,52
25,21,21,28,23,2,52
24,17,14,14,21,2,52
20,16,19,7,19,2,52
21,20,19,9,18,2,52
18,14,14,11,20,2,52
24,13,19,8,15,2,52
25,21,20,21,20,2,52
25,17,19,7,17,2,52
26,20,22,13,16,2,52
24,16,24,9,23,1,52
19,16,20,15,19,1,52
21,23,24,26,19,1,52
24,13,19,9,17,1,52
11,20,17,13,19,1,52
20,21,18,12,25,2,51
23,16,17,6,17,2,51
23,15,16,14,23,2,51
22,20,19,22,21,2,51
23,18,17,10,19,2,51
20,20,19,7,17,2,51
17,19,18,16,20,2,51
23,22,20,20,21,2,51
22,15,15,30,17,2,51
25,20,24,10,17,2,51
26,19,19,7,19,2,51
22,17,18,7,17,2,51
25,22,18,19,22,1,51
17,20,12,21,16,1,51
21,23,14,24,19,1,51
26,24,19,16,21,1,51
22,14,13,5,13,1,51
16,20,10,30,22,2,50
21,18,18,20,20,2,50
22,16,20,21,22,2,50
21,17,19,12,22,2,50
22,16,20,11,18,2,50
17,19,18,7,14,2,50
25,19,18,17,20,2,50
23,19,21,11,23,2,50
23,19,23,9,22,2,50
25,19,21,5,22,2,50
24,18,23,7,20,2,50
23,20,17,15,17,2,50
24,19,17,12,17,2,50
21,17,14,10,16,2,50
22,22,18,10,17,2,50
17,14,18,20,15,2,50
22,13,19,8,19,2,50
21,14,19,5,18,2,50
21,18,18,17,20,2,50
24,21,22,8,20,2,50
25,19,18,9,19,2,50
23,16,20,15,18,2,50
20,21,19,12,17,2,50
12,19,11,7,13,2,50
19,19,19,23,19,2,50
20,19,20,15,17,2,50
20,23,16,19,15,2,50
11,21,18,21,21,1,50
19,20,19,14,18,1,50
20,23,16,27,18,1,50
23,18,15,8,18,1,50
19,16,18,11,16,2,49
21,18,15,21,20,2,49
24,19,20,19,21,2,49
24,20,14,8,20,2,49
21,23,25,30,18,2,49
24,16,18,10,19,2,49
22,20,21,12,15,2,49
22,18,16,16,21,1,49
21,20,20,18,18,1,49
21,21,17,13,19,1,49
25,19,16,11,20,2,48
20,15,18,25,24,2,48
23,21,17,6,22,2,48
17,14,17,13,19,2,48
19,18,21,20,23,2,48
25,18,20,17,25,2,48
22,25,21,11,21,2,48
22,18,20,13,19,2,48
24,21,19,11,19,2,48
18,20,17,21,18,2,48
24,20,18,17,17,2,48
22,22,16,12,18,2,48
20,13,19,11,12,2,48
18,20,19,7,19,2,48
22,19,21,18,20,2,48
26,22,21,16,19,2,48
20,23,17,25,18,2,48
25,23,18,7,21,2,48
25,20,20,12,18,2,48
18,20,18,13,21,1,48
18,16,17,26,21,1,48
23,19,21,16,21,1,48
23,23,15,15,19,1,48
10,23,17,12,10,1,48
12,11,17,10,13,1,48
15,20,19,10,15,1,48
21,17,19,16,16,2,47
24,21,17,17,21,2,47
20,18,16,24,20,2,47
24,21,23,13,22,2,47
21,16,16,14,16,2,47
24,18,20,8,19,2,47
18,16,22,16,19,2,47
22,19,21,19,20,2,47
21,20,18,11,20,2,47
22,20,21,24,20,2,47
20,18,22,22,18,2,47
24,14,20,9,15,2,47
25,18,20,18,18,2,47
16,19,16,8,17,1,47
20,22,15,15,19,1,47
19,22,14,23,20,1,47
19,24,23,30,22,2,46
24,21,15,22,22,2,46
25,18,12,12,27,2,46
28,17,21,16,23,2,46
27,18,21,10,23,2,46
24,21,20,13,25,2,46
19,20,16,15,19,2,46
30,22,23,22,19,2,46
23,16,17,20,22,2,46
25,22,18,15,18,2,46
22,19,22,12,16,2,46
25,17,16,7,16,2,46
18,24,18,20,24,1,46
19,21,19,21,19,1,46
19,15,17,17,14,1,46
19,16,18,12,20,1,46
22,20,20,5,23,1,46
24,23,23,24,20,1,46
17,22,20,7,19,1,46
25,19,24,20,17,1,46
24,19,21,10,17,1,46
25,19,23,5,25,2,45
25,14,16,23,19,2,45
16,18,16,27,19,2,45
19,21,19,26,19,2,45
24,14,18,10,23,2,45
21,17,18,6,14,2,45
22,23,20,15,26,2,45
23,18,24,19,20,2,45
24,17,16,19,19,2,45
20,18,23,24,14,2,45
22,18,21,26,15,2,45
21,26,20,29,24,2,45
25,21,17,9,20,2,45
25,15,15,5,20,2,45
23,19,22,10,22,2,45
23,18,17,12,19,2,45
20,14,19,11,19,2,45
20,19,20,15,18,1,45
27,24,20,19,22,1,45
19,20,15,15,19,1,45
22,21,19,12,20,1,45
17,15,14,15,18,1,45
25,16,17,13,17,1,45
22,17,20,17,19,1,45
22,17,19,12,19,1,45
27,18,18,18,21,2,44
16,20,16,21,25,2,44
25,20,18,9,22,2,44
22,18,15,11,18,2,44
17,23,15,9,22,2,44
21,20,22,15,21,2,44
17,22,23,15,22,2,44
26,18,19,21,24,2,44
17,15,18,9,20,2,44
20,19,19,15,18,2,44
22,18,18,14,18,2,44
27,18,18,14,15,2,44
18,22,19,24,19,2,44
17,20,22,14,19,2,44
19,19,21,11,19,2,44
18,19,16,16,18,2,44
22,17,20,7,19,2,44
24,18,19,18,21,2,44
25,21,18,10,20,2,44
20,25,25,5,22,1,44
21,18,17,8,20,1,44
21,19,17,25,20,1,44
21,15,18,20,20,1,44
17,19,17,21,21,1,44
27,20,19,5,20,2,43
23,16,20,12,23,2,43
24,20,19,18,20,2,43
20,17,18,5,20,2,43
22,21,24,14,21,2,43
23,20,17,12,17,2,43
25,21,20,19,21,2,43
26,20,19,14,20,2,43
20,16,19,19,18,2,43
21,22,24,22,20,2,43
23,19,20,9,24,2,43
25,23,25,10,19,2,43
24,20,19,5,20,2,43
25,14,15,7,17,2,43
22,16,16,15,16,2,43
21,21,25,12,20,2,43
24,19,21,5,20,2,43
24,18,17,7,19,2,43
23,21,18,9,13,2,43
14,16,23,23,14,2,43
24,22,16,13,20,1,43
23,21,17,16,19,1,43
16,17,15,13,19,1,43
21,16,20,8,22,1,43
17,20,14,20,20,1,43
18,20,23,11,21,1,43
22,20,18,11,18,1,43
22,16,21,12,19,1,43
22,17,18,7,18,1,43
16,22,20,20,18,1,43
22,20,19,24,18,1,43
18,22,20,20,17,1,43
24,17,19,7,18,2,42
19,13,18,21,18,2,42
20,22,18,18,19,2,42
20,18,20,6,14,2,42
24,19,20,9,21,2,42
25,18,18,15,19,2,42
23,18,17,12,21,2,42
23,18,16,12,19,2,42
23,18,18,6,17,2,42
20,15,18,9,16,2,42
22,18,16,15,14,2,42
24,20,17,5,20,2,42
26,20,20,8,18,2,42
18,23,18,27,19,2,42
25,21,19,14,18,2,42
20,20,19,18,17,2,42
26,18,19,7,23,1,42
15,23,18,26,22,1,42
17,19,22,26,27,1,42
22,17,18,19,17,1,42
21,18,16,21,22,1,42
21,16,16,6,18,1,42
19,19,18,5,19,1,42
18,18,16,25,25,2,41
18,20,19,19,21,2,41
26,20,25,13,22,2,41
23,19,21,26,26,2,41
24,19,20,18,24,2,41
23,23,25,11,19,2,41
19,20,17,26,18,2,41
17,19,17,27,17,2,41
22,18,23,9,18,2,41
22,23,18,29,22,2,41
20,18,19,17,20,2,41
24,15,20,14,15,2,41
19,21,19,8,19,2,41
25,21,17,12,19,2,41
24,18,17,20,18,2,41
17,16,18,15,17,2,41
25,16,15,6,16,2,41
24,24,16,20,20,2,41
23,22,18,27,18,2,41
25,20,22,10,19,2,41
17,20,20,10,18,2,41
25,19,19,8,17,2,41
25,20,20,30,19,2,41
20,21,20,17,19,2,41
24,20,18,9,18,2,41
19,18,19,23,24,1,41
22,19,22,14,20,1,41
18,21,20,11,19,1,41
20,20,19,7,23,1,41
19,16,17,29,23,2,40
23,23,16,22,24,2,40
19,20,16,14,19,2,40
24,19,19,23,19,2,40
21,21,17,16,21,2,40
22,22,20,21,22,2,40
26,21,18,16,17,2,40
23,23,23,16,21,2,40
21,18,15,20,19,2,40
13,19,17,25,21,2,40
16,21,20,23,24,2,40
26,20,20,13,20,2,40
23,19,15,20,18,2,40
24,15,22,5,19,2,40
22,21,17,22,17,2,40
17,20,15,15,19,2,40
19,15,17,10,17,2,40
22,20,16,12,16,2,40
24,24,14,20,17,2,40
22,19,19,13,16,2,40
21,18,21,15,17,2,40
25,15,15,15,18,2,40
23,18,19,13,17,2,40
23,17,11,13,16,2,40
23,22,18,29,25,2,40
24,20,26,28,20,2,40
24,20,18,19,21,2,40
25,17,21,30,20,2,40
24,23,20,16,20,2,40
25,14,18,8,19,2,40
16,22,20,19,18,2,40
20,22,21,10,17,2,40
18,20,20,10,17,2,40
19,21,16,21,18,2,40
22,16,21,5,14,2,40
7,15,11,23,16,1,40
23,14,20,10,23,1,40
22,23,16,24,17,1,40
23,17,21,7,19,1,40
24,21,17,15,22,1,40
23,18,15,8,18,1,40
16,21,21,11,14,1,40
22,20,21,14,20,1,40
24,14,20,18,19,1,40
23,17,17,7,20,1,40
22,19,24,9,19,1,40
26,16,23,14,19,1,40
19,18,19,14,21,2,39
24,20,22,18,21,2,39
22,17,17,17,20,2,39
24,16,21,16,21,2,39
22,17,21,17,18,2,39
26,18,20,22,20,2,39
22,20,17,12,19,2,39
23,17,17,19,19,2,39
15,21,18,13,17,2,39
20,20,16,20,14,2,39
25,19,19,14,22,2,39
25,22,19,21,20,2,39
24,17,15,10,18,2,39
25,18,18,9,18,2,39
23,20,19,5,18,2,39
18,18,19,11,16,2,39
24,22,20,19,18,2,39
23,17,18,21,20,2,39
21,22,19,12,19,2,39
26,18,18,12,17,2,39
22,13,16,13,15,2,39
25,17,19,10,15,2,39
22,22,19,22,20,2,39
18,18,19,27,23,2,39
18,21,21,15,18,2,39
24,19,20,25,21,2,39
21,14,18,22,19,2,39
22,17,13,16,18,2,39
27,21,17,7,16,2,39
25,18,19,13,21,1,39
21,20,17,14,20,1,39
21,16,17,14,24,1,39
25,18,17,6,19,1,39
23,19,21,13,20,1,39
22,23,23,23,19,1,39
20,17,17,17,18,1,39
22,20,18,8,17,1,39
25,20,20,8,20,1,39
24,21,26,27,22,1,39
19,21,19,12,18,1,39
25,15,20,5,20,2,38
19,24,22,21,25,2,38
24,17,16,8,23,2,38
25,18,21,7,22,2,38
24,19,20,10,22,2,38
20,17,19,17,20,2,38
23,18,25,19,25,2,38
27,18,22,23,17,2,38
19,24,22,19,13,2,38
21,22,21,18,22,2,38
30,18,21,14,22,2,38
25,17,19,11,21,2,38
21,19,19,20,17,2,38
25,21,20,13,20,2,38
15,19,19,14,15,2,38
22,14,15,24,13,2,38
25,18,20,5,21,2,38
18,18,11,21,20,2,38
24,17,20,10,20,2,38
21,20,17,23,18,2,38
27,20,20,6,18,2,38
24,21,17,9,18,2,38
22,18,18,10,16,2,38
19,14,14,18,18,2,38
22,19,22,22,19,2,38
14,24,18,25,20,2,38
25,24,24,15,19,2,38
26,18,19,10,18,2,38
19,16,17,22,16,2,38
23,17,20,9,19,2,38
26,25,23,15,18,2,38
18,18,19,5,14,2,38
29,20,21,6,12,2,38
17,18,19,27,27,1,38
11,21,18,22,16,1,38
16,21,17,22,17,1,38
18,16,17,11,18,1,38
30,20,19,18,23,1,38
21,23,21,26,22,1,38
25,25,23,18,23,1,38
20,22,16,15,22,1,38
20,14,19,10,19,1,38
29,21,19,8,19,1,38
30,20,20,17,20,1,38
19,19,23,22,20,1,38
14,19,17,15,18,1,38
11,17,16,14,17,1,38
21,21,20,5,22,1,38
16,16,17,14,24,2,37
18,18,19,10,24,2,37
25,24,19,20,23,2,37
22,23,20,23,19,2,37
25,17,18,13,22,2,37
13,18,17,24,17,2,37
24,20,21,16,20,2,37
18,20,20,29,19,2,37
21,20,18,29,18,2,37
16,19,15,21,18,2,37
20,18,17,13,17,2,37
16,20,15,22,19,2,37
23,20,19,20,18,2,37
25,20,20,26,18,2,37
22,18,18,9,19,2,37
20,20,14,23,18,2,37
17,13,20,14,18,2,37
22,20,20,17,17,2,37
24,18,19,7,20,2,37
22,15,18,14,19,2,37
18,17,19,14,19,2,37
20,24,19,21,15,2,37
22,20,25,16,16,2,37
25,20,23,5,15,2,37
19,17,18,18,17,1,37
20,16,16,9,19,1,37
19,14,21,16,18,1,37
23,19,20,9,20,1,37
19,15,21,25,16,1,37
22,20,19,15,20,1,37
20,19,19,12,20,1,37
20,18,18,7,20,1,37
14,20,19,19,16,1,37
17,13,21,10,19,1,37
20,17,18,20,17,2,36
23,19,23,19,21,2,36
22,20,18,8,18,2,36
15,19,9,20,19,2,36
20,25,18,23,21,2,36
24,23,22,23,23,2,36
22,22,16,15,21,2,36
20,21,18,24,19,2,36
18,19,18,13,23,2,36
22,24,20,30,14,2,36
25,19,19,8,20,2,36
20,18,15,11,17,2,36
20,20,18,15,17,2,36
17,25,17,21,17,2,36
22,14,16,14,15,2,36
17,21,15,17,15,2,36
17,19,17,18,17,2,36
22,19,18,9,13,2,36
21,14,17,5,20,2,36
24,17,21,15,20,2,36
22,22,20,12,19,2,36
13,11,21,18,17,2,36
23,21,16,17,18,2,36
21,21,21,10,20,2,36
19,19,21,7,18,2,36
20,13,13,5,10,2,36
27,22,21,16,15,2,36
24,21,21,19,24,1,36
19,22,21,18,25,1,36
29,16,20,7,20,1,36
23,20,20,28,18,1,36
20,22,19,18,21,1,36
18,18,16,20,18,1,36
18,21,18,15,17,1,36
22,14,22,14,18,1,36
16,20,19,19,20,1,36
24,17,21,5,19,1,36
25,20,18,9,19,1,36
25,19,20,5,19,1,36
25,15,20,8,19,1,36
18,20,15,20,17,1,36
24,17,20,6,16,1,36
30,20,21,21,25,2,35
23,17,18,22,25,2,35
23,18,18,5,23,2,35
18,19,17,9,17,2,35
18,16,18,11,19,2,35
23,22,16,27,20,2,35
24,22,22,30,20,2,35
21,21,22,25,18,2,35
21,20,20,21,24,2,35
23,22,21,26,24,2,35
25,18,18,17,20,2,35
20,20,18,22,18,2,35
19,17,19,15,18,2,35
23,16,17,8,16,2,35
22,24,23,29,23,2,35
24,18,20,26,21,2,35
21,21,18,14,20,2,35
22,17,19,17,20,2,35
20,15,22,14,23,2,35
24,19,23,10,19,2,35
23,22,22,19,19,2,35
11,17,23,14,18,2,35
23,19,15,21,18,2,35
22,18,16,18,10,2,35
22,19,11,20,16,2,35
20,20,23,23,20,1,35
18,19,17,13,19,1,35
21,16,20,10,21,1,35
22,21,16,16,21,1,35
22,18,20,14,19,1,35
23,19,20,6,21,1,35
23,21,18,13,18,1,35
21,18,18,15,20,1,35
17,16,12,12,15,1,35
15,20,21,17,16,1,35
25,20,20,10,14,1,35
20,24,20,26,23,1,35
19,17,19,23,23,1,35
19,20,15,17,19,1,35
19,20,15,14,19,1,35
19,20,15,16,19,1,35
22,21,16,16,19,1,35
22,21,14,16,19,1,35
19,20,15,14,19,1,35
23,18,20,5,18,1,35
22,19,16,17,23,2,34
21,21,19,21,22,2,34
23,23,23,27,20,2,34
24,19,17,17,17,2,34
23,20,20,18,19,2,34
21,21,16,12,17,2,34
25,19,20,16,20,2,34
20,19,20,16,21,2,34
24,19,19,18,21,2,34
22,20,18,22,22,2,34
28,21,19,18,19,2,34
24,20,20,14,23,2,34
20,15,20,19,21,2,34
23,17,21,19,19,2,34
20,16,19,12,19,2,34
27,18,19,19,21,2,34
24,17,19,16,20,2,34
26,21,20,21,19,2,34
24,23,19,20,20,2,34
19,21,15,13,19,2,34
18,19,22,12,16,2,34
22,19,19,28,17,2,34
15,25,20,27,22,2,34
25,17,20,5,20,2,34
23,20,20,26,19,2,34
21,17,18,10,19,2,34
24,19,18,20,19,2,34
17,20,25,18,18,2,34
16,19,19,14,18,2,34
23,18,17,16,16,2,34
28,18,20,11,16,2,34
27,19,21,9,15,2,34
21,14,15,7,23,1,34
23,17,21,7,23,1,34
19,21,17,12,18,1,34
19,14,19,10,18,1,34
25,21,20,10,14,1,34
24,24,23,15,23,1,34
19,19,19,16,20,1,34
23,21,22,12,20,1,34
20,22,19,15,19,1,34
19,20,20,17,18,1,34
24,18,17,11,18,1,34
15,23,16,9,17,1,34
24,17,20,9,17,1,34
20,16,18,10,14,1,34
24,18,26,14,22,2,33
25,15,22,10,21,2,33
22,21,16,8,22,2,33
24,18,24,11,18,2,33
19,20,18,15,20,2,33
22,20,21,23,22,2,33
22,17,20,23,18,2,33
21,17,22,12,18,2,33
22,17,22,16,19,2,33
17,17,15,22,16,2,33
20,19,20,15,16,2,33
21,20,14,9,15,2,33
25,16,26,28,21,2,33
22,22,17,11,20,2,33
18,15,16,12,18,2,33
13,22,14,28,22,2,33
26,21,19,8,22,2,33
24,23,18,20,21,2,33
23,17,18,19,23,2,33
20,19,19,16,19,2,33
23,18,23,16,19,2,33
23,18,21,14,17,2,33
20,15,15,7,17,2,33
23,17,19,11,17,2,33
17,24,18,24,20,2,33
20,19,20,14,20,2,33
10,20,20,25,20,2,33
29,19,20,6,20,2,33
21,22,20,16,20,2,33
12,17,19,6,20,2,33
23,21,19,13,19,2,33
22,23,19,26,17,2,33
24,20,16,16,19,2,33
21,18,20,6,19,2,33
18,21,19,27,15,2,33
16,21,18,14,16,2,33
21,19,24,5,25,1,33
23,23,19,19,17,1,33
20,25,15,20,15,1,33
23,20,19,21,19,1,33
19,19,18,12,18,1,33
22,17,15,20,17,1,33
18,17,20,9,18,1,33
19,20,18,16,20,1,33
23,19,19,7,17,1,33
21,22,22,29,24,2,32
22,24,14,26,26,2,32
22,18,19,9,21,2,32
27,18,15,19,22,2,32
20,22,17,25,23,2,32
11,21,16,10,18,2,32
20,15,14,9,20,2,32
19,16,16,13,21,2,32
23,20,21,18,18,2,32
20,18,21,23,22,2,32
18,20,18,20,17,2,32
20,15,17,14,18,2,32
18,20,17,24,17,2,32
21,17,16,12,17,2,32
22,17,14,7,15,2,32
25,24,15,27,21,2,32
26,19,18,20,21,2,32
21,20,18,20,19,2,32
28,19,19,10,20,2,32
25,12,19,12,20,2,32
26,21,22,14,19,2,32
25,19,22,7,20,2,32
24,22,22,17,20,2,32
22,18,20,12,19,2,32
19,21,18,17,20,2,32
21,22,16,19,14,2,32
26,16,17,14,17,2,32
22,19,23,7,19,2,32
25,17,23,14,13,2,32
21,14,19,12,15,2,32
23,15,25,29,20,2,32
22,17,19,24,18,2,32
21,20,23,14,19,2,32
16,14,16,6,19,2,32
19,17,20,9,17,2,32
22,20,20,20,21,2,32
23,16,22,21,19,2,32
25,18,19,14,23,2,32
23,20,18,19,18,2,32
23,18,19,15,13,2,32
24,17,18,8,27,1,32
18,20,18,21,19,1,32
18,17,20,7,19,1,32
19,16,20,9,19,1,32
14,16,14,23,22,1,32
22,15,21,22,21,1,32
22,21,21,12,20,1,32
20,19,18,13,19,1,32
23,19,18,6,19,1,32
22,17,17,8,16,1,32
22,20,20,23,23,1,32
19,19,19,15,19,1,32
19,15,18,7,19,1,32
22,19,13,17,18,1,32
15,17,15,17,18,1,32
18,18,15,18,19,1,32
25,18,18,5,16,1,32
25,19,21,19,22,2,31
28,23,20,21,26,2,31
21,16,15,24,19,2,31
26,19,16,15,24,2,31
21,17,16,15,21,2,31
20,15,22,27,19,2,31
23,20,18,19,20,2,31
18,21,16,24,23,2,31
22,17,18,8,23,2,31
24,23,27,23,21,2,31
20,19,17,22,20,2,31
25,18,24,9,20,2,31
29,13,21,15,19,2,31
22,19,20,21,20,2,31
20,17,23,24,19,2,31
19,17,14,14,17,2,31
19,18,20,21,18,2,31
19,19,18,22,19,2,31
22,17,19,13,17,2,31
25,21,18,12,25,2,31
21,21,17,9,21,2,31
24,15,21,18,20,2,31
14,20,21,7,21,2,31
21,13,19,22,20,2,31
17,22,21,18,20,2,31
14,19,17,18,19,2,31
24,19,17,13,20,2,31
21,22,18,16,18,2,31
21,16,15,12,20,2,31
24,18,22,13,17,2,31
22,16,17,14,17,2,31
24,16,18,17,16,2,31
19,18,22,13,18,2,31
21,18,19,15,22,2,31
24,22,23,27,20,2,31
23,23,20,25,20,2,31
24,13,16,13,20,2,31
16,23,21,23,21,2,31
23,21,17,12,19,2,31
22,22,18,14,19,2,31
23,17,24,12,18,2,31
15,27,20,30,23,2,31
18,19,19,18,20,2,31
23,16,19,17,17,2,31
23,18,21,5,16,2,31
18,24,22,27,24,1,31
28,18,21,6,24,1,31
25,15,21,20,19,1,31
15,17,18,20,20,1,31
19,16,17,21,21,1,31
19,19,20,19,17,1,31
18,17,21,11,15,1,31
24,13,18,24,20,1,31
24,23,22,18,23,1,31
21,19,18,16,20,1,31
23,18,17,11,18,1,31
23,16,19,9,12,1,31
17,20,17,23,20,1,31
17,17,25,21,20,1,31
23,16,19,20,19,1,31
14,22,16,29,19,1,31
30,14,25,15,20,1,31
17,23,17,21,18,1,31
18,18,23,13,18,1,31
22,19,17,20,21,2,30
16,25,16,27,27,2,30
16,16,18,20,24,2,30
25,19,22,9,25,2,30
17,21,15,17,21,2,30
22,22,22,15,23,2,30
21,22,19,6,18,2,30
18,20,14,29,20,2,30
26,16,20,22,20,2,30
24,19,19,23,22,2,30
18,15,19,17,19,2,30
17,16,18,19,17,2,30
13,19,17,13,21,2,30
19,16,20,24,20,2,30
26,18,23,14,21,2,30
19,16,17,25,19,2,30
24,13,19,5,16,2,30
25,19,20,14,22,2,30
16,16,19,14,15,2,30
17,22,16,26,18,2,30
22,19,21,15,21,2,30
22,20,18,17,21,2,30
23,15,19,8,20,2,30
23,17,19,10,21,2,30
21,20,19,18,17,2,30
24,16,18,9,20,2,30
15,22,17,13,19,2,30
21,21,20,16,19,2,30
25,24,23,30,23,2,30
24,20,14,19,23,2,30
28,15,23,22,21,2,30
21,18,17,13,17,2,30
20,21,19,11,21,2,30
22,16,18,19,16,2,30
19,23,21,18,22,1,30
17,17,22,22,19,1,30
11,19,15,12,18,1,30
21,18,17,11,16,1,30
17,19,19,22,22,1,30
19,16,18,23,20,1,30
15,20,20,15,21,1,30
24,19,22,18,21,1,30
23,24,18,17,19,1,30
23,18,19,14,19,1,30
24,17,18,6,18,1,30
25,18,25,7,25,1,30
21,18,20,20,19,1,30
18,16,21,7,16,1,30
24,16,19,16,22,1,30
27,21,18,7,19,1,30
21,19,19,14,18,1,30
24,20,21,10,22,1,30
25,20,15,5,20,1,30
19,19,17,14,21,1,30
24,18,19,8,20,1,30
14,22,18,21,19,1,30
26,18,18,14,18,1,30
23,17,26,13,21,2,29
22,20,19,11,22,2,29
21,16,16,26,17,2,29
19,20,22,18,22,2,29
18,23,16,29,26,2,29
23,23,26,10,22,2,29
20,17,19,20,20,2,29
20,15,16,21,14,2,29
23,16,18,25,26,2,29
23,26,20,17,25,2,29
25,20,17,19,19,2,29
22,19,15,12,18,2,29
22,23,20,20,22,2,29
25,19,20,26,23,2,29
20,27,19,13,17,2,29
22,18,16,20,18,2,29
17,22,16,19,18,2,29
25,23,19,16,23,2,29
21,16,17,10,20,2,29
24,18,21,10,19,2,29
20,21,20,18,17,2,29
17,22,19,20,16,2,29
17,17,19,14,19,2,29
21,18,16,20,20,2,29
25,20,17,18,19,2,29
27,20,20,10,24,2,29
25,24,22,22,21,2,29
22,20,18,23,22,2,29
19,21,20,17,20,2,29
19,15,15,16,18,2,29
25,20,17,13,19,2,29
25,22,17,19,18,2,29
22,17,22,8,19,2,29
23,16,18,12,17,2,29
24,16,21,18,17,2,29
22,15,11,14,21,2,29
21,17,17,7,19,2,29
19,21,16,26,15,2,29
22,22,20,13,20,2,29
25,25,20,18,23,2,29
21,20,18,24,19,2,29
14,20,18,24,17,2,29
17,18,13,18,16,2,29
22,20,16,26,18,2,29
24,21,19,14,16,2,29
20,19,19,24,14,2,29
13,20,16,5,27,1,29
25,22,26,17,22,1,29
16,16,20,9,22,1,29
24,22,22,11,22,1,29
26,22,23,27,21,1,29
23,18,19,14,18,1,29
26,17,24,11,16,1,29
16,24,13,20,27,1,29
21,20,20,21,22,1,29
23,20,22,21,23,1,29
19,18,19,13,20,1,29
18,19,13,14,15,1,29
24,19,21,5,21,1,29
14,19,18,22,20,1,29
20,17,19,13,17,1,29
13,21,23,10,21,1,29
14,19,18,15,21,1,29
20,18,17,9,19,1,29
25,20,18,12,18,1,29
16,20,19,16,17,1,29
23,21,20,5,20,1,29
22,19,23,10,19,1,29
16,23,18,26,18,1,29
19,13,20,13,18,1,29
26,21,22,21,20,1,29
21,20,19,8,16,1,29
23,16,19,10,24,2,28
24,22,19,10,24,2,28
23,21,18,9,24,2,28
14,16,18,5,16,2,28
16,17,13,21,13,2,28
26,22,28,16,21,2,28
19,20,20,12,27,2,28
21,17,21,22,25,2,28
24,21,22,21,23,2,28
15,18,16,21,22,2,28
22,22,18,21,23,2,28
22,19,20,13,20,2,28
25,21,19,18,20,2,28
24,19,22,20,21,2,28
23,19,24,28,23,2,28
19,18,21,12,17,2,28
26,18,19,7,20,2,28
22,17,20,12,20,2,28
19,16,18,15,20,2,28
19,18,19,16,20,2,28
23,16,22,10,17,2,28
21,17,18,6,18,2,28
26,19,20,16,17,2,28
30,21,22,30,24,2,28
21,17,18,12,21,2,28
25,15,15,22,20,2,28
19,16,18,12,19,2,28
21,16,18,11,19,2,28
22,17,16,16,17,2,28
22,20,18,16,20,2,28
23,19,15,10,18,2,28
19,18,19,11,17,2,28
19,17,18,11,17,2,28
19,23,17,20,16,2,28
23,18,20,12,19,2,28
18,19,21,16,17,2,28
13,17,15,18,12,2,28
24,24,20,20,23,2,28
25,19,20,17,20,2,28
14,18,14,19,20,2,28
24,23,22,20,19,2,28
23,17,18,8,20,2,28
25,19,24,14,17,2,28
22,20,18,27,20,2,28
25,20,17,12,19,2,28
23,19,17,29,18,2,28
20,25,22,20,16,2,28
24,21,20,18,16,2,28
20,22,21,17,23,1,28
24,24,25,17,23,1,28
14,16,18,12,22,1,28
25,21,24,24,21,1,28
20,23,25,23,20,1,28
20,22,22,16,21,1,28
23,18,20,18,19,1,28
13,16,19,16,23,1,28
15,15,21,19,20,1,28
22,20,20,15,18,1,28
17,17,19,19,19,1,28
18,21,17,19,16,1,28
17,19,14,14,15,1,28
19,24,23,15,20,1,28
22,18,23,18,20,1,28
22,17,20,12,18,1,28
17,17,17,14,17,1,28
21,19,18,21,22,1,28
10,19,15,13,21,1,28
24,19,16,9,20,1,28
19,22,21,11,20,1,28
20,24,19,10,19,1,28
24,19,20,15,21,1,28
25,19,19,6,19,1,28
21,17,17,17,17,1,28
23,16,20,12,15,1,28
23,19,19,22,20,2,27
27,27,28,27,27,2,27
26,15,20,10,24,2,27
26,23,24,24,26,2,27
25,19,18,12,21,2,27
18,20,19,17,22,2,27
23,11,19,13,16,2,27
22,20,18,23,17,2,27
19,21,18,28,23,2,27
24,17,24,28,23,2,27
29,21,20,13,23,2,27
21,18,19,13,19,2,27
21,18,19,15,19,2,27
25,18,21,11,23,2,27
21,19,16,20,21,2,27
18,20,17,18,21,2,27
19,18,18,11,21,2,27
26,21,22,23,20,2,27
24,18,14,18,19,2,27
18,15,18,18,19,2,27
25,17,11,30,17,2,27
22,17,20,10,17,2,27
24,19,21,11,20,2,27
21,17,18,18,18,2,27
8,18,11,21,17,2,27
22,21,17,18,20,2,27
19,18,28,13,23,2,27
22,18,20,23,20,2,27
22,18,20,21,20,2,27
18,20,22,15,19,2,27
20,17,19,12,18,2,27
19,23,20,22,19,2,27
25,21,20,7,18,2,27
23,20,16,8,20,2,27
22,18,19,23,20,2,27
18,23,16,18,18,2,27
21,23,19,20,19,2,27
21,17,24,21,17,2,27
19,20,19,20,18,2,27
23,17,16,8,17,2,27
20,17,19,15,16,2,27
22,18,16,6,16,2,27
22,21,18,27,17,2,27
23,19,19,9,18,2,27
27,20,20,19,19,2,27
19,18,19,21,16,2,27
30,19,20,25,25,2,27
18,21,23,23,21,2,27
20,22,23,24,20,2,27
27,14,20,20,20,2,27
27,17,24,15,23,2,27
22,19,21,20,20,2,27
24,23,20,24,19,2,27
27,20,19,11,19,2,27
22,17,19,9,18,2,27
11,21,16,12,19,2,27
18,18,23,26,18,2,27
25,19,21,7,20,2,27
22,19,20,21,19,2,27
24,18,20,8,19,2,27
24,13,18,11,18,2,27
25,16,20,8,18,2,27
30,14,20,23,17,2,27
23,18,14,15,25,1,27
21,21,21,14,21,1,27
22,21,20,10,23,1,27
23,17,20,13,22,1,27
19,19,12,19,20,1,27
20,19,17,15,17,1,27
24,18,17,13,18,1,27
18,20,16,10,16,1,27
25,18,18,6,21,1,27
24,18,22,14,20,1,27
18,21,16,11,22,1,27
21,21,24,11,22,1,27
24,18,20,12,20,1,27
22,22,19,27,20,1,27
17,10,16,12,19,1,27
23,21,19,16,18,1,27
25,20,20,5,22,1,27
22,20,20,26,21,1,27
26,15,20,25,19,1,27
10,15,17,15,16,1,27
23,17,17,10,19,1,27
23,24,18,17,21,1,27
23,18,22,20,25,2,26
23,18,17,12,21,2,26
22,23,22,28,22,2,26
21,19,18,20,23,2,26
17,20,20,14,22,2,26
25,18,16,19,20,2,26
26,13,19,12,22,2,26
20,12,16,11,20,2,26
21,20,20,21,20,2,26
23,19,21,16,17,2,26
21,26,21,14,23,2,26
13,21,18,26,19,2,26
19,15,16,10,15,2,26
21,16,20,17,17,2,26
23,14,15,13,18,2,26
24,18,20,16,20,2,26
24,18,23,15,22,2,26
24,18,22,14,20,2,26
20,19,18,16,17,2,26
23,19,23,10,18,2,26
24,17,18,21,20,2,26
25,20,20,5,20,2,26
26,21,22,27,20,2,26
23,19,20,10,19,2,26
18,16,24,29,20,2,26
21,17,19,9,19,2,26
21,21,18,9,18,2,26
18,18,18,20,17,2,26
17,20,18,17,16,2,26
17,20,17,23,15,2,26
17,17,19,15,15,2,26
22,18,18,14,17,2,26
23,17,22,11,14,2,26
20,17,17,14,11,2,26
25,17,20,27,25,2,26
25,21,25,22,20,2,26
16,16,21,24,24,2,26
23,17,18,20,22,2,26
10,18,20,18,19,2,26
18,14,16,28,18,2,26
16,22,19,13,18,2,26
21,20,19,15,16,2,26
15,20,16,19,13,2,26
24,20,22,12,19,2,26
22,18,19,12,16,2,26
23,12,20,7,19,2,26
20,20,25,23,16,2,26
22,19,14,9,15,2,26
27,14,16,6,15,2,26
24,23,20,20,25,1,26
21,20,17,7,22,1,26
17,22,25,22,22,1,26
19,21,21,7,21,1,26
17,20,21,24,22,1,26
25,19,15,23,21,1,26
22,20,21,11,21,1,26
19,21,18,22,22,1,26
25,16,18,8,21,1,26
18,20,19,7,21,1,26
29,19,19,11,23,1,26
25,21,18,18,21,1,26
17,18,16,11,16,1,26
19,18,20,11,20,1,26
24,22,24,16,17,1,26
22,18,18,9,20,1,26
22,17,23,7,19,1,26
20,19,22,8,21,1,26
12,14,16,17,19,1,26
14,17,16,14,17,1,26
22,18,18,5,15,1,26
30,15,25,10,24,1,26
24,23,20,11,20,1,26
21,15,19,5,20,1,26
19,23,17,17,19,1,26
18,23,21,18,19,1,26
15,21,21,11,19,1,26
23,16,22,18,18,1,26
17,20,19,24,20,1,26
25,21,20,20,17,1,26
25,20,17,7,12,1,26
16,22,14,14,14,1,26
24,22,23,12,29,2,25
20,21,16,13,22,2,25
19,20,14,13,21,2,25
18,19,17,20,23,2,25
19,17,17,10,19,2,25
26,24,22,25,27,2,25
23,19,22,22,22,2,25
23,20,19,10,22,2,25
27,18,24,18,25,2,25
21,20,18,27,19,2,25
22,18,21,18,21,2,25
20,20,17,26,20,2,25
22,20,18,20,20,2,25
21,19,19,24,18,2,25
13,18,16,18,15,2,25
23,18,18,22,25,2,25
26,15,20,5,18,2,25
23,15,19,17,17,2,25
22,20,20,19,23,2,25
18,21,22,21,19,2,25
23,18,21,16,21,2,25
26,22,22,15,23,2,25
24,20,19,10,22,2,25
23,18,17,15,21,2,25
18,20,15,21,17,2,25
22,23,21,22,19,2,25
22,17,17,16,19,2,25
24,21,20,20,20,2,25
20,19,18,12,17,2,25
27,15,20,10,16,2,25
27,14,20,18,15,2,25
25,26,28,27,25,2,25
24,21,20,13,22,2,25
26,20,25,24,20,2,25
22,17,15,16,20,2,25
18,19,19,19,17,2,25
20,17,16,9,19,2,25
21,22,19,8,20,2,25
21,21,23,11,20,2,25
24,17,20,10,19,2,25
23,20,21,19,21,2,25
19,20,18,17,19,2,25
27,20,20,11,19,2,25
22,16,18,18,18,2,25
23,21,14,9,18,2,25
24,17,20,13,18,2,25
24,17,19,10,18,2,25
11,21,21,16,15,2,25
22,18,14,19,14,2,25
24,18,18,22,22,2,25
22,22,18,16,21,2,25
25,20,18,30,20,2,25
23,15,17,14,20,2,25
25,20,28,7,20,2,25
24,17,19,14,21,2,25
21,22,18,15,18,2,25
14,22,20,22,19,2,25
21,17,19,14,17,2,25
21,19,24,12,17,2,25
25,19,20,20,19,2,25
25,20,20,15,19,2,25
24,19,20,21,18,2,25
12,19,19,9,18,2,25
25,14,20,15,17,2,25
11,20,18,10,17,2,25
17,22,17,29,14,2,25
17,19,17,16,17,2,25
24,19,19,10,12,2,25
20,16,16,17,18,1,25
25,25,25,25,25,1,25
23,18,20,15,23,1,25
17,18,14,17,20,1,25
22,20,21,27,20,1,25
15,23,19,22,21,1,25
26,21,20,16,20,1,25
14,23,15,17,18,1,25
15,18,17,8,16,1,25
20,17,17,16,17,1,25
21,16,14,13,15,1,25
16,21,21,19,23,1,25
20,21,18,19,19,1,25
25,18,19,24,20,1,25
20,21,19,25,20,1,25
25,20,19,12,20,1,25
21,21,21,13,16,1,25
21,21,20,25,20,1,25
18,18,21,24,17,1,25
24,19,18,14,18,1,25
17,17,17,16,17,1,25
26,19,21,7,19,1,25
20,20,21,11,17,1,25
22,15,15,7,16,1,25
21,22,16,9,15,1,25
25,11,28,18,24,1,25
23,14,19,13,21,1,25
24,19,23,15,20,1,25
24,19,23,14,20,1,25
18,21,18,22,19,1,25
21,20,22,5,19,1,25
21,19,18,21,17,1,25
17,19,17,19,18,1,25
20,26,17,24,17,1,25
24,24,21,20,23,2,24
22,18,17,16,21,2,24
23,18,18,21,24,2,24
23,17,17,8,22,2,24
24,18,20,19,19,2,24
26,23,26,9,22,2,24
24,21,21,21,24,2,24
26,19,20,13,24,2,24
20,21,19,17,20,2,24
14,20,17,11,21,2,24
21,19,20,17,19,2,24
22,18,18,13,19,2,24
20,17,15,14,19,2,24
18,17,20,7,18,2,24
25,20,21,15,17,2,24
19,16,18,13,20,2,24
20,17,18,16,16,2,24
25,11,20,13,16,2,24
24,17,20,5,18,2,24
25,21,21,16,18,2,24
24,19,15,7,18,2,24
29,15,16,15,18,2,24
21,20,17,20,17,2,24
25,19,16,14,17,2,24
24,17,24,21,22,2,24
17,19,17,15,21,2,24
25,19,19,20,22,2,24
22,16,20,5,21,2,24
25,16,18,13,21,2,24
19,21,16,17,19,2,24
23,14,17,24,16,2,24
20,12,18,5,19,2,24
18,18,17,25,17,2,24
21,19,14,21,19,2,24
23,21,20,15,20,2,24
25,22,17,15,19,2,24
22,18,19,21,18,2,24
20,21,18,18,17,2,24
24,16,18,6,17,2,24
21,16,17,5,17,2,24
14,21,14,27,18,2,24
22,18,20,18,17,2,24
21,20,15,21,18,2,24
23,19,24,19,14,2,24
22,20,20,11,14,2,24
18,18,21,8,18,2,24
22,17,20,18,14,2,24
23,22,21,17,24,2,24
20,20,19,23,22,2,24
20,20,22,22,20,2,24
24,17,22,17,20,2,24
24,20,21,23,20,2,24
23,19,20,24,18,2,24
19,18,16,21,20,2,24
18,17,22,17,18,2,24
21,17,23,20,20,2,24
21,18,20,12,19,2,24
17,17,16,23,18,2,24
21,18,18,17,18,2,24
26,21,18,11,18,2,24
23,13,15,13,24,1,24
15,20,15,9,21,1,24
18,20,24,20,22,1,24
17,17,18,11,16,1,24
25,19,19,10,24,1,24
19,24,18,20,20,1,24
23,22,23,21,24,1,24
25,22,24,14,23,1,24
25,22,23,13,26,1,24
24,20,20,14,21,1,24
22,15,20,17,20,1,24
23,21,23,6,19,1,24
19,22,20,19,16,1,24
20,17,17,16,18,1,24
16,21,18,25,20,1,24
24,23,19,17,19,1,24
16,19,23,12,18,1,24
22,16,20,10,22,1,24
21,21,18,16,20,1,24
24,21,20,20,19,1,24
18,19,17,16,19,1,24
12,14,16,14,18,1,24
23,15,18,9,20,1,24
20,16,17,9,18,1,24
23,20,18,14,21,1,24
16,25,26,10,20,1,24
16,16,18,24,19,1,24
22,22,19,11,18,1,24
23,18,19,17,20,1,24
18,19,18,14,18,1,24
12,9,20,5,17,1,24
23,20,16,7,14,1,24
15,19,18,17,28,2,23
25,19,14,6,24,2,23
26,22,24,22,24,2,23
20,17,21,18,23,2,23
24,26,19,24,24,2,23
20,19,13,20,21,2,23
22,14,21,18,19,2,23
18,19,21,14,25,2,23
25,23,21,17,21,2,23
26,17,22,13,23,2,23
26,22,19,22,20,2,23
20,16,19,19,20,2,23
21,19,15,18,17,2,23
19,24,18,28,23,2,23
18,19,16,24,23,2,23
20,21,22,18,20,2,23
19,16,19,19,18,2,23
22,21,20,12,20,2,23
22,20,23,22,22,2,23
19,17,16,9,17,2,23
22,20,19,18,19,2,23
27,17,16,14,18,2,23
22,20,19,8,19,2,23
24,20,21,13,23,2,23
28,22,25,22,24,2,23
22,18,18,19,18,2,23
28,22,25,21,19,2,23
26,23,22,22,22,2,23
20,17,16,20,18,2,23
12,20,19,11,19,2,23
25,20,21,21,22,2,23
22,20,11,22,18,2,23
19,20,15,17,18,2,23
25,20,18,15,20,2,23
23,16,19,18,21,2,23
24,21,19,24,20,2,23
25,13,20,6,21,2,23
24,25,20,19,19,2,23
14,21,17,28,17,2,23
24,26,22,10,24,2,23
22,16,20,28,20,2,23
19,19,20,16,25,2,23
19,20,16,21,21,2,23
22,21,19,15,22,2,23
24,21,18,21,21,2,23
22,20,19,14,17,2,23
20,21,17,18,22,2,23
22,19,16,20,22,2,23
20,18,19,14,20,2,23
23,22,20,17,21,2,23
17,17,20,16,19,2,23
24,20,20,13,19,2,23
23,18,19,18,16,2,23
7,17,15,13,18,2,23
22,19,19,13,19,2,23
22,17,19,10,17,2,23
23,17,21,9,17,2,23
19,20,17,13,16,2,23
17,14,16,17,16,2,23
21,18,15,21,17,2,23
24,20,22,16,17,2,23
21,17,18,11,14,2,23
18,15,19,14,13,2,23
24,19,23,15,19,2,23
20,20,14,19,22,2,23
23,18,21,14,20,2,23
24,20,18,14,20,2,23
25,25,20,9,20,2,23
24,20,20,21,22,2,23
18,15,17,23,19,2,23
26,19,18,17,18,2,23
17,23,17,30,19,2,23
21,21,16,15,19,2,23
21,20,23,26,17,2,23
24,21,20,22,21,2,23
26,17,19,21,19,2,23
21,16,18,12,17,2,23
20,23,19,29,17,2,23
28,13,20,18,18,2,23
21,22,19,23,18,2,23
21,18,19,10,17,2,23
18,23,18,5,16,2,23
26,16,23,21,23,1,23
23,24,20,12,23,1,23
22,23,18,17,23,1,23
11,19,15,14,21,1,23
25,24,18,14,18,1,23
21,21,21,12,22,1,23
23,18,19,24,20,1,23
25,22,25,19,26,1,23
20,20,19,15,17,1,23
19,17,21,17,22,1,23
25,22,22,21,18,1,23
20,24,22,30,22,1,23
10,16,16,19,16,1,23
17,20,17,18,20,1,23
22,16,20,8,18,1,23
22,16,21,13,22,1,23
18,23,16,13,17,1,23
26,24,25,22,20,1,23
19,20,18,13,18,1,23
19,15,15,19,20,1,23
19,22,18,16,17,1,23
20,22,19,14,21,1,23
25,18,20,16,21,1,23
19,18,18,13,21,1,23
18,21,20,12,21,1,23
23,21,24,10,20,1,23
12,19,21,23,20,1,23
20,20,20,20,20,1,23
19,22,16,21,20,1,23
24,26,21,21,22,1,23
19,20,18,9,19,1,23
22,18,19,16,18,1,23
22,18,18,10,19,1,23
17,16,20,11,20,1,23
20,19,26,11,20,1,23
19,21,21,9,20,1,23
16,18,20,11,20,1,23
21,22,16,13,24,1,23
25,24,15,16,21,1,23
15,19,15,5,15,1,23
17,21,16,24,19,1,23
14,20,19,6,18,1,23
22,20,22,22,23,1,23
25,25,18,7,18,1,23
23,22,20,12,15,1,23
5,5,5,5,5,1,23
29,30,26,30,28,2,22
23,14,17,10,28,2,22
24,21,16,5,18,2,22
18,17,19,23,24,2,22
20,19,19,21,24,2,22
21,20,18,26,20,2,22
16,17,17,17,22,2,22
15,16,20,19,22,2,22
23,17,16,20,21,2,22
23,20,20,23,22,2,22
26,25,18,22,22,2,22
25,19,18,23,19,2,22
26,23,21,21,22,2,22
16,21,19,24,20,2,22
25,18,21,19,17,2,22
27,20,21,11,22,2,22
22,17,16,24,21,2,22
22,18,25,12,17,2,22
25,18,19,19,21,2,22
21,20,16,22,19,2,22
25,17,18,11,16,2,22
24,23,20,12,19,2,22
26,20,24,22,22,2,22
24,21,25,10,21,2,22
25,21,19,14,21,2,22
17,21,12,21,16,2,22
21,24,21,25,23,2,22
23,20,20,15,20,2,22
21,16,16,23,22,2,22
25,19,22,12,17,2,22
25,19,17,14,21,2,22
24,16,19,15,22,2,22
20,21,17,19,21,2,22
24,20,24,12,20,2,22
20,23,19,24,18,2,22
22,15,22,11,19,2,22
25,25,17,18,18,2,22
23,18,16,22,20,2,22
17,20,20,20,18,2,22
22,18,17,11,19,2,22
15,22,17,16,17,2,22
23,21,21,16,18,2,22
25,18,20,11,20,2,22
21,21,17,12,19,2,22
21,18,17,19,13,2,22
22,21,24,13,21,2,22
19,20,18,27,20,2,22
17,21,15,16,20,2,22
25,15,20,12,20,2,22
18,15,16,15,20,2,22
16,22,21,24,19,2,22
15,18,17,25,17,2,22
25,20,22,24,22,2,22
18,22,17,19,21,2,22
21,18,15,19,19,2,22
22,24,21,23,17,2,22
14,19,20,15,15,2,22
16,18,15,27,13,2,22
26,23,18,16,18,2,22
22,21,16,16,16,2,22
21,19,15,11,18,2,22
17,13,15,21,16,2,22
12,15,13,17,17,2,22
10,18,17,15,13,2,22
25,19,18,12,16,2,22
24,19,19,20,15,2,22
23,29,22,30,29,1,22
19,18,18,22,24,1,22
16,26,19,23,26,1,22
25,16,19,9,21,1,22
16,24,24,11,21,1,22
26,21,19,18,25,1,22
22,20,23,10,20,1,22
19,22,22,10,23,1,22
19,23,15,13,21,1,22
25,20,26,20,22,1,22
23,21,18,14,21,1,22
18,17,18,15,19,1,22
24,19,20,17,19,1,22
26,25,13,22,24,1,22
20,18,17,12,19,1,22
23,15,25,18,19,1,22
17,12,16,19,17,1,22
17,16,24,17,24,1,22
22,18,18,8,18,1,22
21,24,22,23,20,1,22
17,20,13,16,19,1,22
21,21,18,14,20,1,22
18,22,18,17,21,1,22
21,16,19,13,18,1,22
23,17,18,19,22,1,22
20,20,19,19,18,1,22
21,16,19,16,15,1,22
24,19,16,13,17,1,22
23,19,18,19,22,1,22
15,14,17,22,20,1,22
21,26,23,11,19,1,22
21,20,17,11,17,1,22
23,20,23,9,18,1,22
14,17,17,9,18,1,22
18,21,18,14,16,1,22
14,19,19,10,16,1,22
24,25,13,29,20,2,21
17,17,20,14,17,2,21
25,15,14,21,20,2,21
23,21,23,14,23,2,21
26,17,17,8,17,2,21
28,23,25,18,23,2,21
20,20,21,13,23,2,21
16,20,17,13,22,2,21
19,17,23,18,21,2,21
15,20,19,25,19,2,21
19,16,18,17,17,2,21
19,21,21,18,22,2,21
24,21,21,11,21,2,21
24,18,18,14,23,2,21
24,20,21,10,21,2,21
22,17,16,25,20,2,21
25,21,20,11,21,2,21
23,19,18,15,15,2,21
19,15,19,9,20,2,21
19,21,17,9,18,2,21
11,21,20,22,23,2,21
23,19,19,20,20,2,21
22,20,19,20,19,2,21
23,17,19,18,19,2,21
25,19,19,13,20,2,21
23,19,20,22,20,2,21
21,16,18,25,16,2,21
25,23,19,22,22,2,21
24,21,18,14,20,2,21
22,17,18,7,18,2,21
20,17,17,16,16,2,21
22,16,23,14,18,2,21
22,19,19,20,19,2,21
23,21,21,14,17,2,21
21,18,18,20,15,2,21
18,22,24,16,16,2,21
23,14,16,10,20,2,21
24,23,18,23,25,2,21
20,20,22,29,21,2,21
24,22,21,14,19,2,21
21,20,21,27,19,2,21
13,20,17,19,20,2,21
21,20,20,18,19,2,21
23,19,22,13,20,2,21
25,19,19,7,20,2,21
20,22,18,22,18,2,21
21,16,18,14,19,2,21
22,20,19,20,19,2,21
22,20,18,21,17,2,21
21,18,20,19,17,2,21
23,16,20,9,19,2,21
15,20,15,11,21,2,21
17,22,19,15,20,2,21
16,17,22,29,19,2,21
24,21,21,21,19,2,21
28,22,20,15,19,2,21
19,26,19,21,20,2,21
16,16,21,17,20,2,21
18,18,20,26,19,2,21
29,22,23,17,19,2,21
21,20,17,9,19,2,21
18,20,18,20,18,2,21
24,20,23,20,19,2,21
21,22,19,21,18,2,21
23,16,16,12,18,2,21
22,19,17,11,18,2,21
22,17,17,16,17,2,21
22,16,22,19,17,2,21
21,20,20,17,16,2,21
22,19,11,6,15,2,21
26,22,23,22,21,1,21
21,22,20,5,19,1,21
20,19,22,11,22,1,21
25,25,15,19,17,1,21
17,22,16,19,19,1,21
23,15,17,5,21,1,21
25,17,22,10,24,1,21
24,17,15,15,22,1,21
25,18,19,20,20,1,21
20,20,19,19,20,1,21
20,22,18,9,20,1,21
21,16,19,8,18,1,21
10,17,17,22,13,1,21
18,20,18,17,19,1,21
25,19,19,15,16,1,21
21,20,19,14,15,1,21
20,21,18,22,14,1,21
17,13,13,13,12,1,21
22,20,18,16,22,1,21
19,18,19,16,21,1,21
23,18,20,12,21,1,21
20,23,19,12,20,1,21
16,22,18,7,19,1,21
19,19,22,12,19,1,21
10,16,14,15,18,1,21
16,23,17,9,18,1,21
20,19,18,19,18,1,21
25,18,23,14,18,1,21
22,17,19,7,18,1,21
14,24,18,25,21,1,21
23,25,18,13,21,1,21
23,19,20,17,20,1,21
24,19,18,14,17,1,21
23,19,17,10,17,1,21
16,21,17,24,15,1,21
18,18,19,12,17,1,21
23,18,22,5,20,1,21
19,17,19,13,17,1,21
24,18,18,9,17,1,21
21,17,19,10,18,1,21
22,18,19,14,18,1,21
20,18,15,8,18,1,21
16,19,20,18,17,1,21
17,17,20,16,25,1,21
19,16,20,11,21,1,21
13,17,17,11,20,1,21
19,22,17,16,20,1,21
25,21,20,11,20,1,21
26,21,23,16,20,1,21
25,14,18,11,20,1,21
24,20,21,5,20,1,21
17,13,12,18,20,1,21
14,22,17,8,17,1,21
12,19,18,15,16,1,21
8,23,26,23,19,1,21
27,18,23,5,19,1,21
24,20,23,10,17,1,21
19,15,18,9,15,1,21
23,19,25,18,16,1,21
26,17,18,10,13,1,21
16,19,18,26,24,2,20
22,22,17,10,22,2,20
25,14,24,26,27,2,20
21,21,22,27,24,2,20
24,21,21,23,22,2,20
21,23,19,18,22,2,20
21,21,22,12,22,2,20
19,20,20,16,20,2,20
11,16,14,20,20,2,20
25,19,19,15,26,2,20
17,25,15,30,24,2,20
19,19,18,20,22,2,20
24,16,19,10,19,2,20
10,15,18,28,19,2,20
22,18,20,13,22,2,20
20,16,17,23,20,2,20
16,22,21,21,21,2,20
25,20,21,18,21,2,20
16,21,18,20,17,2,20
19,18,14,20,22,2,20
22,21,20,17,17,2,20
22,25,20,14,23,2,20
21,19,21,21,20,2,20
15,22,14,13,18,2,20
23,18,19,11,16,2,20
26,20,19,11,22,2,20
24,18,20,21,21,2,20
22,19,20,14,20,2,20
24,18,16,10,17,2,20
17,21,18,22,19,2,20
22,19,15,23,18,2,20
17,17,19,30,15,2,20
10,17,19,27,18,2,20
25,20,23,19,21,2,20
25,20,19,8,20,2,20
20,14,20,9,23,2,20
18,18,18,9,19,2,20
24,15,19,14,19,2,20
22,22,18,20,20,2,20
24,14,18,9,20,2,20
24,17,18,9,19,2,20
21,18,19,18,18,2,20
15,21,17,23,19,2,20
14,10,16,19,14,2,20
28,19,19,13,19,2,20
24,18,20,11,18,2,20
19,19,18,16,19,2,20
22,17,20,11,18,2,20
19,18,15,23,19,2,20
20,20,17,14,18,2,20
22,20,20,11,18,2,20
18,19,20,19,19,2,20
18,19,16,11,18,2,20
23,22,22,14,17,2,20
19,20,14,13,22,2,20
25,20,24,19,21,2,20
26,19,19,13,23,2,20
20,20,15,15,21,2,20
22,20,21,25,22,2,20
28,19,22,12,21,2,20
25,19,21,15,21,2,20
15,20,18,23,20,2,20
18,19,19,23,20,2,20
21,19,16,12,18,2,20
23,21,22,26,22,2,20
25,18,21,17,20,2,20
27,25,19,29,20,2,20
23,15,20,18,20,2,20
17,24,18,19,18,2,20
21,18,19,22,18,2,20
23,20,16,24,17,2,20
21,20,20,11,20,2,20
26,18,21,22,20,2,20
24,19,19,19,20,2,20
23,20,21,16,20,2,20
23,19,19,19,18,2,20
18,18,15,9,17,2,20
24,21,16,19,20,2,20
23,20,18,11,20,2,20
23,15,19,6,18,2,20
21,17,19,17,17,2,20
21,22,17,17,17,2,20
21,14,23,8,17,2,20
22,20,21,17,17,2,20
19,18,16,19,17,2,20
22,13,19,14,16,2,20
19,18,19,5,16,2,20
15,19,16,16,18,2,20
20,19,21,19,18,2,20
22,18,15,14,16,2,20
20,18,18,15,17,2,20
21,16,19,16,19,2,20
21,18,17,11,17,2,20
22,17,21,13,17,2,20
21,19,17,11,15,2,20
22,17,14,12,19,2,20
22,20,18,8,16,2,20
18,17,14,13,17,2,20
24,14,25,14,17,2,20
28,15,17,30,17,2,20
20,21,18,10,16,2,20
19,17,19,25,13,2,20
26,17,16,10,14,2,20
25,20,16,14,14,2,20
21,21,18,14,20,2,20
24,23,21,21,20,2,20
19,15,19,18,20,2,20
22,20,21,10,18,2,20
19,21,18,16,19,2,20
20,21,17,22,18,2,20
14,15,18,7,17,2,20
16,20,17,18,21,2,20
24,17,17,16,18,2,20
24,19,16,7,16,2,20
22,19,19,19,19,2,20
24,20,17,15,17,2,20
25,21,23,16,16,2,20
28,19,19,8,14,2,20
21,16,18,12,16,2,20
26,17,24,7,25,1,20
24,17,20,16,27,1,20
25,25,25,25,25,1,20
21,21,19,16,22,1,20
24,19,19,13,22,1,20
21,25,20,22,28,1,20
22,25,21,14,19,1,20
25,20,22,14,20,1,20
23,20,21,16,20,1,20
26,27,23,10,22,1,20
18,22,18,18,17,1,20
22,20,20,10,15,1,20
19,15,19,9,17,1,20
21,22,20,15,23,1,20
22,18,22,27,21,1,20
24,21,23,7,21,1,20
20,22,21,17,21,1,20
21,20,19,11,22,1,20
17,20,19,15,19,1,20
17,20,19,14,19,1,20
23,18,19,10,18,1,20
17,20,19,15,18,1,20
20,17,18,9,19,1,20
21,16,17,12,17,1,20
22,17,20,16,17,1,20
16,21,21,12,16,1,20
24,25,22,23,23,1,20
23,19,18,9,20,1,20
20,13,16,12,24,1,20
21,17,20,17,18,1,20
19,18,17,19,19,1,20
17,13,14,18,18,1,20
23,18,21,5,16,1,20
21,23,20,10,23,1,20
19,18,17,15,20,1,20
17,25,20,22,17,1,20
14,22,18,24,18,1,20
21,18,21,14,17,1,20
24,16,17,9,19,1,20
21,16,18,15,20,1,20
23,16,21,7,20,1,20
21,17,18,20,16,1,20
18,17,16,17,15,1,20
25,17,20,11,22,1,20
25,23,20,7,21,1,20
19,21,24,8,21,1,20
15,22,20,23,20,1,20
11,20,17,20,19,1,20
20,23,17,18,18,1,20
20,23,18,18,18,1,20
24,10,18,12,20,1,20
22,16,20,8,19,1,20
17,20,20,10,17,1,20
18,18,17,10,17,1,20
22,20,21,18,17,1,20
22,18,21,16,17,1,20
17,20,23,7,19,1,20
19,18,20,7,20,1,20
28,20,20,5,14,1,20
13,23,18,30,20,2,19
11,24,14,16,20,2,19
24,14,22,25,21,2,19
26,15,18,8,23,2,19
16,15,18,7,19,2,19
20,23,20,18,19,2,19
21,19,18,16,19,2,19
14,16,18,21,16,2,19
16,21,18,10,16,2,19
24,18,23,23,17,2,19
21,20,22,15,27,2,19
18,25,20,20,23,2,19
12,21,18,10,22,2,19
19,17,15,10,22,2,19
20,22,22,19,23,2,19
15,18,16,16,21,2,19
25,20,23,16,22,2,19
18,20,20,20,22,2,19
23,22,20,11,19,2,19
27,19,18,11,22,2,19
22,21,23,14,21,2,19
23,23,19,20,20,2,19
22,17,18,12,19,2,19
23,21,21,16,20,2,19
23,21,19,20,20,2,19
25,18,21,15,23,2,19
24,19,17,11,22,2,19
23,20,18,9,23,2,19
26,23,19,18,22,2,19
21,20,21,22,21,2,19
17,15,18,24,18,2,19
13,20,19,18,18,2,19
25,24,22,16,19,2,19
23,15,21,19,26,2,19
16,25,16,24,21,2,19
23,19,17,16,22,2,19
24,22,20,23,20,2,19
19,14,19,10,21,2,19
21,19,19,16,19,2,19
21,19,17,13,21,2,19
24,19,19,15,21,2,19
25,20,20,9,21,2,19
17,19,18,26,20,2,19
23,17,22,24,21,2,19
22,18,18,10,20,2,19
25,20,17,8,20,2,19
23,22,20,21,19,2,19
22,18,15,20,18,2,19
20,18,15,8,19,2,19
18,19,17,17,18,2,19
24,17,19,12,17,2,19
23,18,19,11,20,2,19
17,16,20,13,18,2,19
24,20,15,10,17,2,19
23,21,19,14,20,2,19
18,19,19,25,17,2,19
17,18,17,15,17,2,19
23,23,16,15,15,2,19
20,20,25,5,21,2,19
25,17,22,16,20,2,19
25,17,17,16,20,2,19
25,17,22,14,20,2,19
28,28,26,25,24,2,19
21,23,13,25,23,2,19
16,22,22,18,22,2,19
13,21,14,24,21,2,19
23,20,22,8,21,2,19
20,18,18,20,19,2,19
28,23,26,20,19,2,19
25,20,22,20,19,2,19
25,19,22,13,19,2,19
25,17,22,13,19,2,19
20,17,17,16,18,2,19
22,21,23,21,18,2,19
22,16,19,7,18,2,19
13,12,19,14,18,2,19
25,17,22,11,17,2,19
11,12,13,19,16,2,19
28,24,22,18,20,2,19
18,16,18,8,20,2,19
22,22,20,17,20,2,19
22,17,20,14,20,2,19
17,16,18,12,18,2,19
21,19,20,16,20,2,19
22,20,14,19,19,2,19
23,18,16,7,18,2,19
23,21,20,16,18,2,19
24,16,21,10,19,2,19
25,20,18,16,18,2,19
19,23,22,13,18,2,19
22,17,20,18,18,2,19
22,23,24,26,21,2,19
21,17,19,20,14,2,19
24,18,16,7,19,2,19
13,19,17,18,15,2,19
23,16,21,10,19,2,19
25,17,22,11,15,2,19
22,20,20,21,20,2,19
16,20,15,5,20,2,19
17,22,17,20,19,2,19
13,26,22,16,18,2,19
12,26,21,14,18,2,19
25,20,18,14,17,2,19
21,16,16,9,21,2,19
24,22,19,30,17,2,19
20,17,22,22,17,2,19
21,19,18,14,17,2,19
14,23,17,30,17,2,19
18,17,17,14,15,2,19
22,21,27,12,23,2,19
26,17,21,18,19,2,19
17,18,20,16,18,2,19
22,18,20,14,19,2,19
15,19,22,18,18,2,19
22,19,18,8,17,2,19
17,16,15,24,16,2,19
13,17,18,29,24,1,19
21,20,20,25,23,1,19
18,21,25,27,24,1,19
21,21,22,22,26,1,19
19,18,20,14,21,1,19
13,19,16,20,21,1,19
27,18,18,20,25,1,19
21,21,18,30,25,1,19
17,19,20,19,20,1,19
18,14,21,13,20,1,19
21,20,19,13,21,1,19
15,16,17,14,18,1,19
22,20,24,26,22,1,19
17,15,19,7,21,1,19
27,18,19,26,24,1,19
24,15,20,10,24,1,19
14,18,19,28,23,1,19
25,20,20,24,20,1,19
19,18,19,19,20,1,19
18,22,17,12,23,1,19
24,22,16,15,20,1,19
14,15,16,21,17,1,19
12,15,15,20,15,1,19
27,21,25,9,20,1,19
19,24,17,13,16,1,19
23,19,18,23,20,1,19
22,18,22,12,22,1,19
19,21,22,13,21,1,19
23,18,22,10,21,1,19
23,24,19,6,21,1,19
22,17,18,7,19,1,19
18,21,19,19,19,1,19
26,20,21,14,21,1,19
26,17,16,13,20,1,19
20,21,20,9,18,1,19
19,19,15,9,17,1,19
19,23,21,21,18,1,19
24,19,21,14,19,1,19
24,21,19,17,20,1,19
17,19,16,21,20,1,19
21,18,17,15,20,1,19
14,21,21,21,20,1,19
23,15,21,6,22,1,19
21,20,23,25,20,1,19
16,20,15,22,20,1,19
11,20,18,16,18,1,19
10,17,15,20,16,1,19
18,23,18,22,16,1,19
5,5,5,5,5,1,19
18,15,20,10,22,2,18
23,20,19,7,21,2,18
9,21,22,19,25,2,18
20,18,21,12,27,2,18
21,18,17,17,23,2,18
18,23,16,23,22,2,18
12,27,19,25,20,2,18
15,24,19,17,17,2,18
20,23,21,27,18,2,18
24,19,21,9,24,2,18
26,17,18,9,19,2,18
17,25,18,17,23,2,18
19,19,17,17,21,2,18
24,20,19,21,21,2,18
20,22,18,20,20,2,18
15,15,17,25,18,2,18
17,16,16,27,19,2,18
22,20,20,11,21,2,18
19,19,16,22,19,2,18
23,21,23,20,21,2,18
18,20,19,22,20,2,18
17,22,20,14,18,2,18
20,20,20,15,19,2,18
22,14,20,17,15,2,18
18,20,15,19,16,2,18
25,18,18,12,16,2,18
21,19,17,18,16,2,18
25,19,18,22,21,2,18
16,23,18,9,20,2,18
18,20,17,12,21,2,18
21,16,17,24,20,2,18
27,18,20,11,21,2,18
24,19,18,12,20,2,18
16,16,18,29,17,2,18
21,24,23,21,19,2,18
24,20,19,11,21,2,18
24,16,18,18,20,2,18
24,20,22,17,19,2,18
21,18,19,15,19,2,18
24,20,24,12,18,2,18
15,19,18,24,19,2,18
21,13,22,13,19,2,18
21,19,20,20,18,2,18
19,10,12,5,15,2,18
25,17,23,17,17,2,18
20,21,20,19,18,2,18
22,24,23,18,16,2,18
23,17,15,25,18,2,18
22,18,16,15,19,2,18
16,18,19,21,15,2,18
27,21,19,20,21,2,18
21,22,21,29,20,2,18
23,22,20,23,20,2,18
23,21,21,16,24,2,18
23,21,19,30,22,2,18
12,22,16,30,21,2,18
16,22,21,19,21,2,18
22,24,17,16,20,2,18
20,15,22,11,19,2,18
15,21,23,18,19,2,18
21,19,20,20,18,2,18
20,19,19,23,22,2,18
25,22,19,17,20,2,18
19,18,23,16,19,2,18
23,17,25,13,19,2,18
24,21,20,18,21,2,18
22,18,19,13,18,2,18
19,20,20,12,18,2,18
21,13,13,11,17,2,18
23,16,18,15,18,2,18
22,16,22,14,14,2,18
20,20,14,19,15,2,18
30,23,20,18,21,1,18
10,17,14,5,25,1,18
12,15,17,26,27,1,18
23,19,16,17,23,1,18
28,19,22,15,25,1,18
17,18,18,18,22,1,18
18,21,18,7,20,1,18
12,13,18,8,18,1,18
19,21,21,18,20,1,18
19,19,17,11,19,1,18
23,20,23,9,18,1,18
20,24,23,22,21,1,18
17,18,16,12,19,1,18
19,19,18,10,19,1,18
22,19,21,8,19,1,18
22,22,20,22,24,1,18
17,18,21,20,21,1,18
16,22,18,21,24,1,18
21,21,21,18,21,1,18
25,16,21,10,21,1,18
17,22,17,14,19,1,18
23,18,20,18,19,1,18
18,21,22,23,24,1,18
19,20,19,18,18,1,18
11,19,18,22,20,1,18
26,22,20,13,19,1,18
21,20,20,16,20,1,18
25,17,20,18,20,1,18
16,15,18,12,17,1,18
21,18,20,14,19,1,18
16,18,18,11,17,1,18
21,14,22,15,21,1,18
19,15,24,5,23,1,18
27,19,20,17,21,1,18
30,17,23,30,20,1,18
24,21,23,16,20,1,18
27,20,16,22,19,1,18
14,21,19,12,19,1,18
20,18,21,7,19,1,18
14,20,17,12,18,1,18
18,22,19,12,22,1,18
14,12,18,8,21,1,18
14,24,17,21,24,2,17
6,16,18,28,22,2,17
21,22,16,27,21,2,17
13,14,19,18,23,2,17
22,23,26,26,23,2,17
24,21,20,14,18,2,17
16,20,21,22,20,2,17
18,18,16,18,19,2,17
16,19,18,27,17,2,17
25,14,21,7,19,2,17
16,23,18,27,18,2,17
23,20,18,21,20,2,17
20,17,17,13,23,2,17
15,20,18,22,21,2,17
19,23,15,17,18,2,17
19,22,19,29,22,2,17
23,23,22,17,19,2,17
21,19,19,15,21,2,17
20,15,20,13,19,2,17
16,21,21,7,17,2,17
24,20,22,9,21,2,17
18,20,19,17,20,2,17
16,18,18,21,18,2,17
24,24,17,12,21,2,17
20,25,11,12,14,2,17
21,18,23,18,19,2,17
22,19,18,13,18,2,17
18,22,20,21,23,2,17
19,18,14,22,20,2,17
29,21,19,15,25,2,17
22,18,19,26,20,2,17
25,17,22,26,20,2,17
15,17,20,15,19,2,17
21,19,18,18,19,2,17
13,23,20,23,20,2,17
11,22,17,10,16,2,17
22,20,19,18,18,2,17
24,20,18,21,18,2,17
19,19,19,11,17,2,17
24,22,23,21,17,2,17
22,20,15,12,21,2,17
22,17,20,8,17,2,17
22,18,20,8,17,2,17
22,17,20,8,17,2,17
13,16,19,23,16,2,17
24,14,17,17,15,2,17
21,17,16,18,24,2,17
14,21,16,17,21,2,17
22,22,17,19,20,2,17
24,16,21,9,19,2,17
18,20,21,29,19,2,17
21,19,22,21,19,2,17
15,15,17,19,17,2,17
23,21,19,12,21,2,17
23,19,18,23,20,2,17
23,20,14,11,18,2,17
20,15,18,26,17,2,17
23,25,17,12,24,1,17
14,19,21,13,22,1,17
24,22,20,24,19,1,17
17,15,19,17,21,1,17
14,24,20,10,16,1,17
28,15,18,10,27,1,17
21,21,18,27,20,1,17
18,17,21,15,19,1,17
22,17,18,12,22,1,17
21,13,19,14,20,1,17
23,19,21,6,21,1,17
22,20,18,10,20,1,17
20,20,17,15,18,1,17
20,22,20,10,21,1,17
17,18,18,16,16,1,17
16,17,19,27,16,1,17
22,16,18,17,19,1,17
17,21,17,23,21,1,17
25,23,22,12,21,1,17
21,18,20,15,18,1,17
19,22,19,22,21,1,17
17,17,19,14,19,1,17
21,18,19,7,20,1,17
15,19,14,18,16,1,17
22,23,18,23,23,1,17
22,18,18,6,17,1,17
21,16,13,19,16,1,17
23,19,15,17,23,1,17
16,20,21,19,19,1,17
25,18,19,22,18,1,17
18,20,21,14,15,1,17
24,21,18,15,10,1,17
22,23,17,9,17,1,17
21,19,19,10,23,2,16
20,22,22,21,20,2,16
19,28,20,13,22,2,16
14,18,19,19,19,2,16
19,21,17,13,22,2,16
16,18,24,16,21,2,16
21,13,20,25,14,2,16
18,15,15,23,18,2,16
25,18,19,10,21,2,16
25,22,22,18,23,2,16
26,16,19,23,17,2,16
25,21,20,9,21,2,16
22,15,18,14,15,2,16
13,18,17,20,13,2,16
23,15,16,12,17,2,16
21,18,22,15,19,2,16
14,20,18,20,13,2,16
17,16,18,25,19,2,16
18,21,19,23,24,2,16
13,20,19,11,21,2,16
22,20,24,27,20,2,16
25,20,20,20,20,2,16
11,16,21,9,20,2,16
18,21,18,26,17,2,16
15,22,20,20,18,2,16
25,16,15,9,17,2,16
18,19,19,18,18,2,16
17,15,19,11,16,2,16
25,14,17,18,21,2,16
17,20,17,27,15,2,16
20,24,17,23,14,2,16
23,24,18,12,18,2,16
12,15,21,22,18,2,16
20,23,20,15,19,2,16
20,17,17,11,18,2,16
26,17,19,10,19,2,16
19,19,17,12,29,1,16
18,20,21,18,24,1,16
21,20,20,7,22,1,16
22,19,17,12,21,1,16
16,18,19,21,17,1,16
27,15,19,6,20,1,16
21,23,21,21,21,1,16
17,16,17,14,19,1,16
23,18,15,9,19,1,16
17,16,19,16,15,1,16
22,18,18,18,16,1,16
19,23,23,25,16,1,16
14,16,16,12,17,1,16
20,21,17,25,19,1,16
26,19,20,9,17,1,16
23,24,16,9,15,1,16
16,18,18,15,20,1,16
16,21,19,7,20,1,16
25,17,20,12,18,1,16
20,16,25,13,14,1,16
24,16,19,13,24,2,15
14,20,19,25,23,2,15
21,22,26,21,18,2,15
14,19,16,27,19,2,15
11,16,15,21,23,2,15
21,21,16,13,19,2,15
23,23,25,22,22,2,15
16,22,22,25,23,2,15
17,21,17,23,21,2,15
22,17,21,21,20,2,15
16,17,19,17,20,2,15
22,17,20,13,17,2,15
20,21,21,22,18,2,15
18,22,20,17,18,2,15
20,15,15,16,17,2,15
23,22,19,9,21,2,15
20,8,18,12,15,2,15
23,20,17,21,19,1,15
19,19,21,15,21,1,15
23,19,24,19,20,1,15
20,19,16,19,19,1,15
21,15,16,14,16,1,15
21,19,18,27,22,2,14
21,18,24,25,20,2,14
21,20,19,26,20,2,14
13,20,21,23,23,2,14
28,23,20,21,23,2,14
13,20,16,21,19,2,14
24,19,24,18,20,2,14
25,20,21,18,20,2,14
25,20,21,10,19,2,14
15,20,18,19,17,2,14
20,21,19,21,19,2,14
20,19,16,18,18,2,14
19,14,13,18,11,2,14
16,23,17,27,21,2,14
24,22,18,22,22,2,14
11,22,20,8,15,2,14
21,17,15,12,17,1,14
23,20,20,13,21,1,14
17,19,21,10,15,1,14
21,17,15,15,16,2,13
26,24,27,29,23,2,13
20,19,16,17,20,2,13
21,16,10,22,9,2,13
17,15,16,14,20,1,13
27,24,24,26,25,2,12
19,16,17,12,18,2,12
14,21,19,25,20,2,12
20,20,20,20,21,2,12
23,18,19,16,18,2,12
17,18,20,19,19,2,12
20,17,19,18,20,2,12
20,23,20,19,23,2,12
23,19,19,17,16,2,12
22,18,14,10,16,2,12
14,16,13,9,12,2,12
18,16,18,23,23,2,12
19,20,19,27,22,2,12
18,19,16,16,14,2,12
25,20,20,6,20,2,12
25,22,19,12,19,2,12
12,23,12,17,15,1,12
13,18,16,18,18,1,12
12,19,21,9,17,1,12
22,22,16,9,16,1,12
24,18,21,9,23,1,12
12,22,18,15,22,1,12
20,12,21,21,12,1,12
20,18,13,17,12,1,12
7,11,11,8,8,1,12
24,19,16,15,18,2,11
25,18,15,12,24,2,11
21,19,22,19,21,1,3